zone,lat,lon,turbines,power_mw,power_known,rotor_m,rotor_known,rotor_top_m,place,country,ground_m
41.5N1.5W,41.7029,-1.2543,1161,1627.9,0.69,62.0,0.58,197.5,Valdejalón,ES,
43.5N8.0W,43.5909,-7.7354,956,216.5,0.25,,0.0,,Ortegal,ES,
43.0N8.0W,43.4167,-7.6834,766,27.8,0.05,,0.0,,Terra Chá,ES,
38.5N1.5W,38.8091,-1.3015,695,314.2,0.24,,0.0,,Albacete,ES,
36.0N6.0W,36.2011,-5.7755,589,796.6,1.0,90.0,0.03,,Campo de Gibraltar,ES,
42.5N2.0W,42.6186,-1.6326,550,283.0,0.47,47.0,0.27,,Zona Media,ES,
42.5N4.0W,42.6938,-3.7021,548,727.8,1.0,52.0,1.0,,Burgos,ES,
38.5N2.5W,38.7814,-2.2738,502,41.6,0.1,,0.0,,Albacete,ES,
42.0N4.5W,42.1886,-4.1995,474,523.3,0.69,58.0,0.64,84.0,Palencia,ES,
41.0N1.0W,41.3104,-0.8877,451,1178.2,0.85,130.0,0.55,150.0,Campo de Belchite,ES,
42.0N2.0W,42.211,-1.7456,432,541.8,0.62,77.0,0.62,,La Rioja,ES,
42.0N8.5W,42.2616,-8.3174,422,4.2,0.0,138.0,0.01,223.0,Paradanta,ES,
38.5N2.0W,38.7928,-1.7012,421,182.4,0.43,52.0,0.29,,Albacete,ES,
41.5N1.0W,41.7229,-0.7216,411,448.1,0.69,130.0,0.18,,Zaragoza,ES,
43.0N7.5W,43.2767,-7.3248,397,261.6,0.36,,0.0,,Terra Chá,ES,
42.0N2.5W,42.1604,-2.201,390,511.3,1.0,58.0,1.0,,La Rioja,ES,
42.0N4.0W,42.3483,-3.7223,385,755.1,0.89,77.0,0.59,123.5,Burgos,ES,
41.0N2.5W,41.1854,-2.3283,364,556.7,0.76,87.0,0.81,,Soria,ES,
41.5N2.5W,41.8759,-2.2274,364,342.2,0.71,65.0,0.71,,Soria,ES,
39.0N1.5W,39.0713,-1.2952,362,99.4,0.21,,0.0,,Albacete,ES,
41.5N2.0W,41.8305,-1.7215,356,406.0,1.0,47.0,0.98,,Tarazona y el Moncayo,ES,
41.0N8.0W,41.2355,-7.7828,329,156.8,0.28,80.0,0.12,100.0,Vila Real,PT,
37.0N3.0W,37.2906,-2.7346,303,624.0,1.0,,0.0,,Comarca de Baza,ES,
41.5N5.0W,41.8331,-4.8452,297,285.0,0.44,,0.0,,Valladolid,ES,
43.0N7.0W,43.3292,-6.7868,296,168.1,0.19,,0.0,,Asturias,ES,
27.5N15.5W,27.8356,-15.4348,291,20.3,0.08,,0.0,,Las Palmas,ES,
41.5N8.0W,41.6932,-7.759,286,462.3,0.48,85.0,0.13,156.5,Vila Real,PT,
42.5N9.5W,42.901,-9.0692,285,40.3,0.11,,0.0,,Xallas,ES,
42.5N9.0W,42.7669,-8.8879,268,31.2,0.06,,0.0,,Noia,ES,
42.0N7.0W,42.0491,-6.8951,254,37.8,0.12,,0.0,,Zamora,ES,
42.5N8.5W,42.6557,-8.1963,253,0.0,0.0,,0.0,,Deza,ES,
39.0N2.5W,39.3453,-2.241,252,58.2,0.07,149.0,0.02,194.5,Cuenca,ES,
40.5N1.0W,40.7575,-0.8713,235,248.7,1.0,58.0,1.0,,Teruel,ES,
42.0N1.0W,42.0694,-0.7593,234,556.7,1.0,82.0,1.0,,Hoya de Huesca,ES,
39.5N2.0W,39.7132,-1.6939,230,51.0,0.07,,0.0,,Cuenca,ES,
40.5N8.0W,40.951,-7.8158,227,65.1,0.13,,0.0,,Viseu,PT,
40.0N8.0W,40.1547,-7.7892,222,203.4,0.35,71.0,0.08,99.5,Coímbra,PT,
41.0N1.5W,41.2323,-1.0515,218,748.3,0.97,130.0,0.74,,Campo de Daroca,ES,
41.0N0.0E,41.1557,0.3868,216,382.7,0.64,130.0,0.21,,Tierra Alta,ES,
40.5N4.5W,40.6722,-4.4157,210,106.1,0.58,,0.0,,Segovia,ES,
41.5N5.5W,41.7339,-5.0435,206,130.1,0.17,,0.0,,Valladolid,ES,
41.0N0.5E,41.2215,0.7636,204,172.6,0.39,100.0,0.39,,Priorato,ES,
43.0N4.0W,43.0931,-3.734,200,299.3,0.99,61.0,0.99,150.0,Burgos,ES,
42.5N2.5W,42.7238,-2.3983,195,86.8,0.37,58.0,0.37,,Montaña Alavesa,ES,
40.0N8.5W,40.09,-8.1842,191,149.8,0.37,90.0,0.04,199.0,Coímbra,PT,
43.0N6.5W,43.4045,-6.3177,190,68.4,0.31,,0.0,,Asturias,ES,
37.5N7.5W,37.5568,-7.3168,187,303.8,1.0,90.0,0.06,,Huelva,ES,
40.5N0.5W,40.635,-0.2247,187,280.5,1.0,77.0,0.93,,Els Ports,ES,
43.0N9.5W,43.0974,-9.1121,187,201.0,0.6,55.0,0.4,,Tierra de Soneira,ES,
40.5N8.5W,40.7556,-8.157,186,62.2,0.13,,0.0,,Viseu,PT,
42.5N6.5W,42.6007,-6.2893,182,0.0,0.0,,0.0,,León,ES,
39.5N1.0W,39.9153,-0.7864,182,0.0,0.0,,0.0,,Castellón,ES,
41.0N3.0W,41.3403,-2.6389,175,172.3,0.88,58.0,0.99,,Soria,ES,
42.5N1.5W,42.6371,-1.4053,175,2.6,0.02,,0.0,,Comarca de Sangüesa,ES,
37.0N5.0W,37.0695,-4.938,172,351.3,1.0,82.0,0.12,,Guadalteba,ES,
41.0N3.5W,41.2938,-3.1349,172,132.1,0.81,46.0,0.81,,Soria,ES,
38.5N1.0W,38.9397,-0.9352,170,52.0,0.15,,0.0,,Valencia,ES,
39.5N1.5W,39.8142,-1.2926,169,0.0,0.0,,0.0,,Cuenca,ES,
42.5N8.0W,42.7817,-7.8514,167,42.0,0.13,,0.0,,Ulloa,ES,
40.5N0.5E,40.8762,0.6392,162,10.4,0.02,135.0,0.02,,Bajo Ebro,ES,
42.0N1.5W,42.2939,-1.2408,150,145.6,0.93,48.0,0.38,,Cinco Villas,ES,
40.5N7.5W,40.7306,-7.3696,146,78.0,0.27,114.0,0.17,150.0,Guarda,PT,
40.0N7.5W,40.348,-7.2055,144,33.3,0.1,,0.0,,Guarda,PT,
36.5N6.5W,36.6494,-6.1613,131,239.0,0.96,80.0,0.1,,Campiña de Jerez,ES,
41.5N1.0E,41.6111,1.3724,130,2.4,0.01,,0.0,,Segarra,ES,
39.0N9.5W,39.154,-9.2072,130,48.0,0.18,71.0,0.05,99.5,Lisboa,PT,
39.5N8.0W,39.8554,-7.89,128,59.8,0.15,,0.0,,Castelo Branco,PT,
39.5N2.5W,39.62,-2.1827,121,360.7,0.79,149.0,0.53,194.5,Cuenca,ES,
28.0N16.5W,28.1605,-16.4543,120,33.2,0.49,,0.0,,Santa Cruz de Tenerife,ES,
42.0N5.0W,42.2745,-4.7582,116,23.1,0.06,,0.0,,Palencia,ES,
41.0N2.0W,41.2167,-1.778,113,142.7,0.92,90.0,0.92,,Comunidad de Calatayud,ES,
42.0N8.0W,42.3127,-7.7047,111,0.8,0.01,,0.0,,Ourense,ES,
42.0N3.5W,42.3396,-3.4292,106,77.7,0.81,58.0,0.81,,Burgos,ES,
42.5N4.5W,42.8044,-4.1285,98,106.5,0.64,80.0,0.63,,Cantabria,ES,
40.5N5.0W,40.5818,-4.6927,98,15.3,0.18,,0.0,,Ávila,ES,
41.5N6.0W,41.747,-5.9133,95,125.6,1.0,,0.0,,Zamora,ES,
36.5N6.0W,36.5504,-5.9223,95,196.7,1.0,,0.0,,Campiña de Jerez,ES,
37.0N5.5W,37.1248,-5.0726,94,165.8,0.89,,0.0,,Sevilla,ES,
41.0N1.0E,41.4632,1.1528,91,0.0,0.0,,0.0,,Cuenca de Barberá,ES,
41.5N4.5W,41.9677,-4.3315,90,65.6,0.33,,0.0,,Palencia,ES,
43.0N9.0W,43.1623,-8.8005,89,50.5,0.28,114.0,0.18,150.0,Bergantiños,ES,
39.5N9.0W,39.6406,-8.6909,85,0.0,0.0,,0.0,,Santarém,PT,
41.0N8.5W,41.2507,-8.1069,80,6.0,0.05,,0.0,,Oporto,PT,
37.0N9.0W,37.1811,-8.7948,80,48.4,0.25,,0.0,,Faro,PT,
38.5N9.5W,38.9229,-9.1858,79,63.1,0.42,,0.0,,Lisboa,PT,
39.0N1.0W,39.154,-0.8971,78,20.5,0.32,52.0,0.32,,Valencia,ES,
38.5N3.0W,38.9767,-2.591,77,118.4,0.86,,0.0,,Albacete,ES,
40.0N0.5W,40.4724,-0.2072,76,114.0,1.0,77.0,1.0,,Els Ports,ES,
42.0N6.5W,42.4275,-6.4166,75,0.0,0.0,,0.0,,León,ES,
36.0N5.5W,36.3691,-5.3267,73,92.4,1.0,,0.0,,Costa del Sol Occidental,ES,
41.5N7.0W,41.9826,-6.7847,73,0.0,0.0,,0.0,,Bragança,PT,
43.5N7.5W,43.5976,-7.4453,72,0.0,0.0,,0.0,,Mariña Occidental,ES,
41.5N8.5W,41.7005,-8.1881,70,0.0,0.0,,0.0,,Braga,PT,
41.0N6.0W,41.2169,-5.8275,66,120.0,0.91,,0.0,,Salamanca,ES,
41.5N9.0W,41.873,-8.6896,65,24.0,0.17,,0.0,,Viana do Castelo,PT,
42.0N7.5W,42.3125,-7.4187,61,0.0,0.0,,0.0,,Terra de Trives,ES,
36.5N5.0W,36.8845,-4.8436,59,102.1,0.97,,0.0,,Guadalteba,ES,
39.5N3.5W,39.7459,-3.3658,59,57.4,1.0,58.0,1.0,,Toledo,ES,
28.0N14.5W,28.1687,-14.2437,56,0.0,0.0,,0.0,,Las Palmas,ES,
41.5N6.5W,41.7529,-6.0654,55,50.8,0.49,,0.0,,Zamora,ES,
32.5N17.5W,32.7514,-17.0715,55,12.0,0.15,70.0,0.15,100.0,,PT,
37.0N7.5W,37.3514,-7.3925,54,130.8,1.0,90.0,0.56,200.0,Huelva,ES,
40.5N2.0W,40.7519,-1.593,54,32.2,0.31,90.0,0.31,,Guadalajara,ES,
36.0N6.5W,36.427,-6.0634,53,124.2,1.0,,0.0,,Bahía de Cádiz,ES,
37.0N4.5W,37.1238,-4.2225,52,55.7,1.0,,0.0,,Comarca de Loja,ES,
40.0N1.0W,40.1278,-0.7618,51,52.0,0.39,90.0,0.25,,Gúdar-Javalambre,ES,
41.5N1.5E,41.6619,1.6155,50,0.0,0.0,,0.0,,Anoia,ES,
40.0N3.0W,40.235,-2.6371,50,61.1,0.4,,0.0,,Cuenca,ES,
28.0N17.0W,28.1113,-16.5612,48,1.8,0.12,,0.0,,Santa Cruz de Tenerife,ES,
39.0N3.0W,39.0305,-2.5983,47,33.0,0.45,,0.0,,Albacete,ES,
39.0N9.0W,39.4133,-8.9342,46,121.0,0.91,100.0,0.11,135.0,Santarém,PT,
36.5N4.0W,36.9537,-3.6165,46,81.6,0.96,,0.0,,Comarca del Valle de Lecrín,ES,
42.0N6.0W,42.102,-5.9069,43,0.0,0.0,,0.0,,Zamora,ES,
43.0N3.5W,43.1617,-3.4367,43,40.8,0.88,52.0,0.88,,Cantabria,ES,
39.0N4.5W,39.2774,-4.0679,43,86.0,1.0,90.0,1.0,,Ciudad Real,ES,
41.0N4.0W,41.4501,-3.7445,41,34.8,1.0,,0.0,,Segovia,ES,
39.5N8.5W,39.8005,-8.2005,41,37.6,0.44,,0.0,,Castelo Branco,PT,
42.5N3.0W,42.8807,-2.7669,41,57.4,1.0,80.0,1.0,,Cuadrilla de Vitoria,ES,
37.0N8.0W,37.359,-7.8298,41,94.3,1.0,82.0,0.71,126.0,Faro,PT,
36.5N3.0W,36.9076,-2.6269,40,13.2,1.0,30.0,1.0,,Almería,ES,
43.0N3.0W,43.221,-2.5849,40,34.0,1.0,58.0,1.0,,Vizcaya,ES,
38.5N3.5W,38.8489,-3.2007,38,76.0,1.0,82.0,1.0,,Ciudad Real,ES,
43.0N8.5W,43.4778,-8.0399,38,24.4,0.97,,0.0,,Ferrol,ES,
40.5N6.0W,40.6929,-5.7853,37,31.5,1.0,,0.0,,Salamanca,ES,
39.5N3.0W,39.8793,-2.7127,37,71.5,0.35,,0.0,,Cuenca,ES,
41.0N7.0W,41.4272,-6.9442,36,70.0,0.81,,0.0,,Bragança,PT,
36.5N3.5W,36.7602,-3.4201,36,30.6,1.0,,0.0,,Comarca de la Costa Granadina,ES,
43.0N2.0W,43.0734,-1.8695,33,19.2,0.97,42.0,0.97,,Larraun-Leitzaldea,ES,
40.5N2.5W,40.9724,-2.1615,32,64.0,1.0,90.0,1.0,,Guadalajara,ES,
43.5N6.5W,43.5111,-6.2723,31,0.0,0.0,,0.0,,Asturias,ES,
42.5N3.5W,42.5562,-3.3863,30,56.6,1.0,83.0,0.93,,Burgos,ES,
37.5N9.0W,37.9154,-8.7848,28,39.2,0.25,,0.0,,Setúbal,PT,
40.0N9.0W,40.2057,-8.7002,28,22.0,0.39,,0.0,,Coímbra,PT,
40.5N5.5W,40.6903,-5.1733,27,8.0,0.15,,0.0,,Ávila,ES,
36.5N5.5W,36.936,-5.0609,26,57.6,1.0,80.0,0.54,,Guadalteba,ES,
40.0N1.5W,40.0245,-1.4698,26,0.0,0.0,,0.0,,Cuenca,ES,
37.5N2.5W,37.5376,-2.0233,25,50.0,1.0,,0.0,,Los Vélez,ES,
43.5N8.5W,43.58,-8.1238,25,0.0,0.0,,0.0,,Ferrol,ES,
37.5N4.0W,37.5229,-3.7399,23,15.2,1.0,,0.0,,Jaén,ES,
42.5N7.5W,42.8904,-7.3299,23,36.3,0.48,,0.0,,Sarria,ES,
40.0N7.0W,40.3199,-6.9032,21,2.2,0.05,,0.0,,Guarda,PT,
39.0N2.0W,39.2094,-1.6824,21,5.0,0.1,,0.0,,Albacete,ES,
38.5N4.0W,38.8354,-3.6101,20,40.0,1.0,90.0,1.0,,Ciudad Real,ES,
37.0N8.5W,37.3565,-8.1163,18,0.0,0.0,,0.0,,Beja,PT,
29.0N14.0W,29.0551,-13.5415,18,9.2,0.22,,0.0,,Las Palmas,ES,
39.5N6.5W,39.9604,-6.2066,18,71.8,1.0,,0.0,,Cáceres,ES,
40.0N3.5W,40.0043,-3.3529,18,15.3,1.0,58.0,1.0,,Toledo,ES,
38.0N1.5W,38.3502,-1.3843,17,19.6,1.0,,0.0,,Altiplano,ES,
28.5N14.0W,28.6655,-13.8518,16,13.4,0.44,52.0,0.12,,Las Palmas,ES,
37.0N2.5W,37.0737,-2.2841,15,29.9,0.87,93.0,0.87,,Almería,ES,
41.0N7.5W,41.0408,-7.4113,15,0.0,0.0,,0.0,,Viseu,PT,
38.5N27.5W,38.7056,-27.1095,14,0.0,0.0,,0.0,,,PT,
40.5N1.5W,40.9446,-1.0342,14,42.2,1.0,58.0,0.21,,Teruel,ES,
40.5N3.0W,40.8125,-2.5491,14,28.0,1.0,82.0,1.0,,Guadalajara,ES,
28.0N16.0W,28.1412,-15.6862,12,0.0,0.0,,0.0,,Las Palmas,ES,
37.5N3.0W,37.5061,-2.8552,12,24.0,1.0,,0.0,,Comarca de Baza,ES,
37.0N4.0W,37.0105,-3.669,11,20.5,0.91,121.0,0.09,,Comarca del Valle de Lecrín,ES,
41.5N0.0E,41.8918,0.0091,11,63.8,1.0,158.0,1.0,,Somontano de Barbastro,ES,
37.5N25.5W,37.7957,-25.2656,10,9.0,1.0,44.0,1.0,77.0,,PT,
40.0N6.5W,40.0118,-6.1465,10,26.5,1.0,,0.0,,Cáceres,ES,
39.5N9.5W,39.6116,-9.0691,10,14.0,0.9,,0.0,,Leiria,PT,
