radar,lat,lon,vid,peak,u,v,alt,frames,speed,heading,night
esahr,36.61,-4.66,6.32,11.77,-6.02,-3.74,1636.93,33,7.09,238.16,2026-09-24
esatn,28.02,-15.61,1.28,5.56,3.27,-4.29,1851.23,33,5.39,142.69,2026-09-24
esbnv,28.31,-16.82,2.64,11.17,0.27,-2.86,1894.92,34,2.87,174.55,2026-09-24
esclg,37.69,-6.33,5.45,10.13,-1.35,-4.20,1026.05,34,4.41,197.80,2026-09-24
esgld,41.41,1.88,5.24,12.50,1.78,-1.99,1209.56,34,2.67,138.21,2026-09-24
esnjr,36.83,-2.08,4.21,9.85,1.23,-2.20,1006.89,34,2.52,150.69,2026-09-24
espdg,41.73,-0.55,9.58,19.53,1.50,-9.71,1506.57,33,9.83,171.22,2026-09-24
essft,39.43,-6.29,2.64,8.21,1.50,-6.28,1048.24,34,6.46,166.59,2026-09-24
estjv,40.18,-3.71,11.55,19.52,-0.91,-3.69,1082.89,34,3.80,193.85,2026-09-24
frabb,50.14,1.83,0.14,0.30,,,1297.47,33,,,2026-09-24
fraja,41.95,8.70,0.46,0.89,,,1494.66,33,,,2026-09-24
frale,42.13,9.50,2.43,4.29,,,1157.88,33,,,2026-09-24
frave,50.13,3.81,0.50,0.99,,,1579.70,34,,,2026-09-24
frbla,47.36,4.78,2.01,4.03,-3.16,-3.51,1197.77,34,4.72,222.00,2026-09-24
frbol,44.32,4.76,10.46,30.96,,,1110.62,34,,,2026-09-24
frbor,44.83,-0.69,0.55,1.10,,,1489.09,33,,,2026-09-24
frbou,47.06,2.36,1.85,2.53,-2.99,-5.73,1342.11,34,6.46,207.61,2026-09-24
frcol,43.22,6.37,13.21,27.00,-3.57,-4.76,1244.67,33,5.95,216.88,2026-09-24
frgre,45.10,1.37,0.12,0.81,,,1364.93,33,,,2026-09-24
frlep,45.29,3.71,2.81,4.99,-4.39,-7.49,1700.10,34,8.68,210.39,2026-09-24
frmcl,43.99,2.61,1.45,3.68,,,1289.04,34,,,2026-09-24
frmom,43.62,-0.61,5.25,9.23,5.59,-6.88,1289.06,33,8.86,140.91,2026-09-24
frmtc,47.37,7.02,0.35,0.89,,,1776.72,33,,,2026-09-24
frnan,48.72,6.58,1.35,2.35,,,862.96,33,,,2026-09-24
frnim,43.81,4.50,2.83,6.53,,,975.76,34,,,2026-09-24
frniz,46.07,4.45,0.16,0.23,,,1567.76,34,,,2026-09-24
fropo,42.92,2.86,11.78,29.43,,,1539.94,34,,,2026-09-24
frpla,48.46,-4.43,0.79,1.34,-1.29,4.07,548.95,33,4.26,342.41,2026-09-24
frtou,43.57,1.38,0.38,0.68,,,1732.21,33,,,2026-09-24
frtra,48.77,2.01,0.71,1.51,,,1084.26,33,,,2026-09-24
frtre,47.34,-1.66,0.40,2.06,,,1136.32,32,,,2026-09-24
frtro,48.46,4.31,0.43,0.67,,,1533.55,34,,,2026-09-24
ptfar,37.30,-7.95,34.84,59.87,-5.36,-9.60,1014.87,33,11.00,209.18,2026-09-24
ptflr,39.46,-31.22,11.34,67.48,-3.08,-3.57,2046.56,32,4.72,220.78,2026-09-24
ptlis,39.07,-8.40,21.73,42.59,2.14,-5.78,493.20,33,6.16,159.63,2026-09-24
ptprt,40.85,-8.28,6.65,19.58,4.87,0.04,1477.46,33,4.87,89.48,2026-09-24
ptsmg,37.82,-25.75,0.89,2.10,0.73,-0.36,1144.48,34,0.81,116.59,2026-09-24
pttrc,38.73,-27.32,6.05,17.24,-0.85,-1.24,1619.45,34,1.51,214.42,2026-09-24
