radar,night,ws_10m,tail_10m,cross_10m,tail0_10m,ws_100m,tail_100m,cross_100m,tail0_100m,ws_925hPa,tail_925hPa,cross_925hPa,tail0_925hPa,ws_850hPa,tail_850hPa,cross_850hPa,tail0_850hPa,ws_700hPa,tail_700hPa,cross_700hPa,tail0_700hPa,t2m,rh2m,pmsl,precip,precip_h,cloud,t850,gh850,dt850_24,dp24,dt24,doy,year,doy_sin,doy_cos,lat,lon,season,pred,p_alerta,pais,nivel,percentil,ciudad
Madrid,2026-09-02,1.2630,1.0111,0.4893,0.4529,4.1130,3.1738,1.4734,-0.1912,4.4610,3.3301,1.7465,-0.4950,3.1290,-2.2035,2.0549,-1.0195,5.1380,-4.4448,2.3991,-4.1390,23.7700,32.5000,1021.0500,0.0000,0.0000,0.0000,24.4500,1601.2000,,,,245,2026,-0.8786,-0.4775,40.4168,-3.7038,otoño,1.9742,0.2401,ES,muy alto,0.9000,Madrid
Madrid,2026-09-03,1.3790,1.2799,0.4390,1.2706,4.0070,3.5963,0.9912,3.8672,4.2810,3.7271,1.3576,3.9708,2.8840,0.8535,2.6504,1.9159,5.4530,-0.7088,5.1461,-1.3478,24.0500,27.4000,1021.8500,0.0000,0.0000,10.4000,25.7500,1612.9000,0.8167,1.5667,-0.0667,246,2026,-0.8867,-0.4623,40.4168,-3.7038,otoño,1.8643,0.1486,ES,alto,0.7500,Madrid
Madrid,2026-09-04,1.5260,1.3097,0.2713,1.4436,5.3200,3.6549,2.0134,3.9862,5.5840,3.5658,2.4795,4.1659,6.8380,-0.9879,5.7377,2.1432,4.2250,0.1833,3.6905,0.8835,27.8600,24.6000,1018.9800,0.0000,0.0000,92.5000,26.5500,1594.6000,0.2167,-2.6000,2.5000,247,2026,-0.8945,-0.4470,40.4168,-3.7038,otoño,1.7062,0.2074,ES,muy alto,0.9000,Madrid
Madrid,2026-09-05,1.3450,0.7183,0.7604,-0.1075,4.4560,-0.1091,3.8650,-2.5680,4.8660,-0.4930,4.2741,-3.0366,9.0820,-5.2065,7.3484,-5.3446,6.4730,0.3377,6.0052,-1.7667,27.1400,31.6000,1019.6900,0.0000,0.0000,75.1000,23.5300,1591.7000,-4.2033,0.3667,-0.5000,248,2026,-0.9021,-0.4315,40.4168,-3.7038,otoño,1.8210,0.0859,ES,moderado,0.5000,Madrid
Madrid,2026-09-06,0.7440,-0.1002,0.5581,-0.2932,3.7220,-1.9024,3.0187,-2.3632,4.2690,-2.2280,3.4539,-2.8106,6.2860,-4.9353,3.5908,-5.0495,9.7840,-9.6002,1.7411,-8.4576,26.2100,32.7000,1018.5600,0.0000,0.0000,70.6000,23.7000,1581.3000,-1.9000,-0.7667,-1.2667,249,2026,-0.9094,-0.4159,40.4168,-3.7038,otoño,1.8351,0.0787,ES,moderado,0.5000,Madrid
Madrid,2026-09-07,1.0350,0.2681,0.9793,0.3186,3.2960,1.7815,2.6880,2.7710,3.6180,2.1090,2.8402,3.3339,2.5750,1.1310,1.9864,1.6258,4.2450,-2.9047,2.5402,-2.3583,24.0500,39.5000,1017.5600,0.0000,0.0000,43.1000,21.7700,1565.1500,-2.4300,-0.9667,-1.8667,250,2026,-0.9164,-0.4002,40.4168,-3.7038,otoño,1.9145,0.1417,ES,alto,0.7500,Madrid
Madrid,2026-09-08,1.1750,1.1626,0.1295,1.2128,4.1520,4.0400,0.8719,4.1515,4.5410,4.3914,1.0510,4.5148,4.8290,4.1109,2.3720,4.7102,9.4600,-4.8746,8.0571,-4.7621,22.2100,56.1000,1018.1300,0.0000,0.0000,28.1000,17.5300,1555.3000,-5.8367,0.6000,-2.6667,251,2026,-0.9232,-0.3844,40.4168,-3.7038,otoño,1.8820,0.1032,ES,moderado,0.5000,Madrid
Madrid,2026-09-09,1.1200,0.6006,0.5621,0.1063,4.3060,3.2591,1.2009,1.1867,4.4960,3.3952,1.2771,1.2691,2.4380,0.3654,1.8301,-0.8159,5.5620,-0.8053,5.3897,-1.6371,22.8700,37.6000,1016.1200,0.0000,0.0000,7.2000,20.5900,1545.9000,1.6567,-2.4667,1.0333,252,2026,-0.9296,-0.3685,40.4168,-3.7038,otoño,1.9413,0.1802,ES,alto,0.7500,Madrid
Barcelona,2026-09-02,1.1350,0.5909,0.9284,0.5235,1.8800,0.9601,1.5306,0.8754,3.4580,-0.3359,3.2800,0.4792,3.3460,-1.1396,3.0375,-0.3648,13.8390,-2.1211,13.6126,-3.3351,24.1400,75.9000,1021.1700,0.0000,0.0000,4.0000,20.3400,1600.1000,,,,245,2026,-0.8786,-0.4775,41.3874,2.1686,otoño,1.9448,0.1148,ES,alto,0.7500,Barcelona
Barcelona,2026-09-03,1.1760,-0.2017,0.8372,-0.8342,2.8120,-1.2600,2.0314,-2.4280,2.4770,-1.5932,1.6111,0.1056,3.6670,0.2663,3.3414,1.8789,1.7180,0.6141,1.1010,1.9630,25.1600,80.3000,1021.0900,0.0000,0.0000,0.2000,21.6600,1605.4000,0.0933,0.6333,0.7667,246,2026,-0.8867,-0.4623,41.3874,2.1686,otoño,1.9042,0.1477,ES,alto,0.7500,Barcelona
Barcelona,2026-09-04,0.9350,0.0976,0.7494,0.0256,2.2130,-0.5266,1.9617,-0.6890,2.8340,-2.7060,0.6409,-3.0953,0.8640,-0.5454,0.4370,-1.3392,8.1800,7.9242,1.8734,7.2251,25.6300,84.9000,1019.4200,0.0000,0.0000,12.2000,22.7000,1602.6000,0.9000,-1.8333,0.4000,247,2026,-0.8945,-0.4470,41.3874,2.1686,otoño,2.1061,0.1407,ES,alto,0.7500,Barcelona
Barcelona,2026-09-05,0.9730,0.2412,0.8562,0.2776,1.9370,-0.6456,1.6633,-0.6110,5.6580,-3.4104,4.3051,-4.6546,1.8990,-0.4138,1.7302,-0.9575,2.9920,2.8684,0.7296,4.0598,26.0900,76.7000,1019.8800,0.0000,0.0000,17.1000,24.0400,1610.6000,1.5733,0.6667,0.4333,248,2026,-0.9021,-0.4315,41.3874,2.1686,otoño,2.0333,0.1904,ES,muy alto,0.9000,Barcelona
Barcelona,2026-09-06,0.9960,0.6403,0.6913,0.8823,1.2210,0.7641,0.8925,1.2365,3.9480,-3.2503,2.2151,-4.4842,2.9530,-2.8145,0.8703,-2.0559,5.0970,-3.9022,3.0671,-3.0039,24.9000,89.1000,1019.5600,0.0000,0.0000,25.2000,23.4300,1599.2000,-0.9700,-0.9667,-0.6333,249,2026,-0.9094,-0.4159,41.3874,2.1686,otoño,1.7143,0.0526,ES,bajo,0.0000,Barcelona
Barcelona,2026-09-07,0.6220,0.2195,0.4375,0.0803,0.7440,-0.0007,0.4783,-0.0307,3.9490,-3.9315,0.2884,-4.3671,8.1380,-8.0846,0.6850,-7.4061,4.2690,-3.2742,1.6078,0.3883,24.0800,93.5000,1017.9300,0.0000,0.0000,75.6000,21.4100,1571.4750,-2.4900,-1.2000,-1.2333,250,2026,-0.9164,-0.4002,41.3874,2.1686,otoño,1.5673,0.0337,ES,bajo,0.0000,Barcelona
Barcelona,2026-09-08,0.9100,-0.4422,0.6291,-0.3775,1.8400,-1.1223,0.9768,-0.7603,4.8510,-3.5444,2.0595,-1.4467,6.0120,-3.8447,4.4781,-2.4236,12.7350,-3.4722,12.2485,-2.8678,23.8500,83.9000,1016.4300,10.1000,0.4000,89.4000,15.0600,1539.1000,-7.3733,-1.5000,-0.5667,251,2026,-0.9232,-0.3844,41.3874,2.1686,otoño,1.5575,0.0470,ES,bajo,0.0000,Barcelona
Barcelona,2026-09-09,0.9780,-0.2031,0.6076,-0.6912,1.9540,-1.2204,0.7742,-2.2882,5.4210,-5.2842,0.9960,-4.6874,8.1260,-5.8257,5.5835,-5.1218,12.3360,2.1268,12.1404,1.7770,22.1700,79.4000,1016.4800,0.0000,0.0000,84.9000,13.1200,1531.3000,-3.1467,0.2667,-1.6667,252,2026,-0.9296,-0.3685,41.3874,2.1686,otoño,1.7123,0.1077,ES,moderado,0.5000,Barcelona
Valencia,2026-09-02,0.8218,0.0460,0.6009,0.2773,1.6709,0.1964,1.0892,1.3757,1.8945,1.6577,0.7543,2.2099,4.9845,-4.3668,1.9024,-5.6261,7.0509,-3.1782,6.1314,-2.2887,24.7818,87.6364,1020.8455,0.0000,0.0000,6.9091,23.1091,1603.7273,,,,245,2026,-0.8786,-0.4775,39.4699,-0.3763,otoño,1.4262,0.1470,ES,alto,0.7500,Valencia
Valencia,2026-09-03,0.8173,-0.2679,0.5998,0.0909,1.8782,-0.5646,1.5548,0.0558,3.2218,-1.3329,2.1723,0.4910,2.7682,-1.4171,1.7685,-3.1940,5.7900,1.7094,5.4866,2.5648,24.9727,85.0909,1020.9273,0.0000,0.0000,4.6364,22.9182,1610.7273,-0.4485,1.1000,0.5000,246,2026,-0.8867,-0.4623,39.4699,-0.3763,otoño,1.3968,0.0736,ES,moderado,0.5000,Valencia
Valencia,2026-09-04,1.1200,0.7092,0.6435,1.1517,2.4900,2.3855,0.6246,2.9957,2.3073,1.4627,1.5851,0.8833,3.6336,2.3752,2.7181,1.9990,11.4791,11.0771,2.3619,12.3288,24.4091,89.6364,1019.3727,0.0000,0.0000,33.2727,23.7000,1601.2727,0.7000,-2.1333,-0.2000,247,2026,-0.8945,-0.4470,39.4699,-0.3763,otoño,1.4489,0.1261,ES,alto,0.7500,Valencia
Valencia,2026-09-05,0.9027,-0.3148,0.7644,-0.0157,1.4909,-0.2639,1.4458,-0.1824,3.9282,-0.8705,3.8050,-0.5812,7.1182,-1.2226,6.9514,-1.9551,12.1736,-1.9096,11.9601,-0.6156,23.7364,74.3636,1020.0818,0.0000,0.0000,64.2727,22.5455,1603.0909,-2.1545,1.3000,0.0333,248,2026,-0.9021,-0.4315,39.4699,-0.3763,otoño,1.4159,0.1177,ES,alto,0.7500,Valencia
Valencia,2026-09-06,0.8764,-0.1481,0.8368,0.0041,1.0355,-0.2791,0.9398,0.0435,2.3691,-0.2216,2.2398,0.2510,3.9218,-2.4208,3.0317,-1.4372,1.0791,-0.0366,0.9080,-0.4947,22.8091,74.9091,1019.1455,0.0000,0.0000,14.4545,23.3273,1591.3636,0.4273,-1.3000,-0.4667,249,2026,-0.9094,-0.4159,39.4699,-0.3763,otoño,1.3601,0.0667,ES,moderado,0.5000,Valencia
Valencia,2026-09-07,0.9791,0.3421,0.8004,0.7074,1.2182,0.9036,0.6255,1.4817,2.0182,-1.4911,1.2123,-1.8966,5.2227,-5.0253,1.1790,-4.7010,6.3727,-4.4709,3.3092,-1.5174,23.8364,89.6364,1017.0455,0.0000,0.0000,54.5455,23.1000,1570.7045,-0.7000,-1.4000,-0.3000,250,2026,-0.9164,-0.4002,39.4699,-0.3763,otoño,1.2188,0.0193,ES,bajo,0.0000,Valencia
Valencia,2026-09-08,0.9309,-0.2707,0.8111,-0.0253,1.1291,0.5463,0.9278,0.2941,6.4164,4.8816,4.1228,5.0685,4.4009,2.6394,3.3951,3.6648,10.7555,-3.6779,10.0049,-4.4171,23.6727,89.1818,1016.1636,0.0000,0.0000,57.4545,18.2636,1551.5455,-5.0030,-1.6333,0.2667,251,2026,-0.9232,-0.3844,39.4699,-0.3763,otoño,1.3968,0.0596,ES,bajo,0.0000,Valencia
Valencia,2026-09-09,1.2436,0.4883,0.8886,1.2647,2.8809,1.3522,2.1709,2.7146,2.6273,-0.2886,2.2915,0.7721,4.3800,-2.4395,2.8247,-4.9752,8.9918,0.8187,8.7997,-0.6083,24.5273,83.3636,1015.9182,0.0000,0.0000,64.8182,17.5818,1544.8182,-1.4182,-0.1333,-0.0333,252,2026,-0.9296,-0.3685,39.4699,-0.3763,otoño,1.3252,0.0495,ES,bajo,0.0000,Valencia
Sevilla,2026-09-02,1.2180,-0.1810,0.4094,-1.1435,3.9640,-0.6981,1.9567,-3.8327,3.6500,1.4833,3.1450,1.6115,2.9240,-0.7030,2.7484,-1.0967,3.6860,-3.2430,1.4121,-3.3972,26.6600,56.8000,1017.7300,0.0000,0.0000,14.6000,25.0900,1600.9000,,,,245,2026,-0.8786,-0.4775,37.3891,-5.9845,otoño,1.5540,0.2833,ES,muy alto,0.9000,Sevilla
Sevilla,2026-09-03,1.4300,-1.1593,0.5282,-2.1709,4.4050,-3.2290,2.8018,-5.1768,2.3580,0.8659,1.8855,0.4994,2.7840,1.0515,2.5363,1.1105,3.2670,2.3004,2.0192,3.4902,27.7300,63.1000,1018.5100,0.0000,0.0000,43.0000,26.9700,1615.1000,1.8700,1.0000,0.9667,246,2026,-0.8867,-0.4623,37.3891,-5.9845,otoño,1.4377,0.1641,ES,alto,0.7500,Sevilla
Sevilla,2026-09-04,1.4070,-0.9563,0.5224,-1.2945,3.8560,-3.0147,1.7666,-3.6051,2.4250,-0.3878,2.0541,0.5760,4.2620,-2.4040,3.4617,-1.8152,8.4510,-4.8034,6.7097,-3.8395,28.2300,55.5000,1016.1200,0.0000,0.0000,99.0000,25.4500,1590.6000,-1.8833,-2.0000,-0.7000,247,2026,-0.8945,-0.4470,37.3891,-5.9845,otoño,1.3782,0.0495,ES,bajo,0.0000,Sevilla
Sevilla,2026-09-05,1.1230,-0.1674,0.6052,-0.8368,3.6050,0.4921,2.1748,-1.5994,3.7910,-0.8786,2.8840,-3.3460,3.0310,-0.7946,2.8073,-0.0602,3.9480,-3.3424,1.5877,-3.1518,27.3400,55.1000,1016.8700,0.0000,0.0000,0.0000,23.7100,1587.0000,-2.3233,0.4333,0.6000,248,2026,-0.9021,-0.4315,37.3891,-5.9845,otoño,1.4298,0.1230,ES,moderado,0.5000,Sevilla
Sevilla,2026-09-06,1.3100,-1.2034,0.4828,-1.5768,3.6580,-2.9232,2.1574,-4.6013,2.6140,0.7860,2.1557,0.4120,3.1740,-2.9889,0.7489,-0.6596,9.6430,-9.0302,3.3235,-7.9783,25.9000,52.7000,1017.8900,0.0000,0.0000,8.3000,22.5600,1590.0000,-1.5400,1.0000,-1.1333,249,2026,-0.9094,-0.4159,37.3891,-5.9845,otoño,1.2952,0.1009,ES,moderado,0.5000,Sevilla
Sevilla,2026-09-07,1.2990,-1.2042,0.3870,-1.6805,2.8080,-1.4679,2.1373,-2.2127,3.7110,0.9335,2.4203,3.8869,3.3270,-0.6345,1.6318,2.1195,7.6210,-4.5573,6.0858,-4.7269,23.5900,66.2000,1017.5100,0.0000,0.0000,17.1000,21.2700,1579.4000,-1.7300,-0.2667,-2.8000,250,2026,-0.9164,-0.4002,37.3891,-5.9845,otoño,1.2570,0.1329,ES,moderado,0.5000,Sevilla
Sevilla,2026-09-08,1.7340,-1.4996,0.7827,-2.2094,3.2970,-3.2557,0.5143,-5.2554,7.2850,6.2345,3.4523,7.5132,3.8150,2.6077,1.9140,5.3150,6.2510,0.4143,6.0261,-1.0392,21.7300,69.8000,1016.6900,0.0000,0.0000,8.2000,20.4100,1567.1000,-1.3900,-0.7667,-3.2000,251,2026,-0.9232,-0.3844,37.3891,-5.9845,otoño,1.3843,0.3085,ES,muy alto,0.9000,Sevilla
Sevilla,2026-09-09,2.0820,-1.9190,0.6008,-3.0884,4.8630,-4.8209,0.4903,-6.8560,4.4600,2.2533,3.3490,3.5275,2.5190,-1.4144,1.2837,-0.0376,4.5920,-0.9477,4.4670,-0.4462,22.1900,85.8000,1015.7300,0.0000,0.0000,15.0000,19.3000,1554.1000,-1.7333,-0.8667,0.1667,252,2026,-0.9296,-0.3685,37.3891,-5.9845,otoño,1.2107,0.1747,ES,alto,0.7500,Sevilla
Zaragoza,2026-09-02,3.3870,-1.4098,3.0655,-1.2945,8.3290,-1.9306,8.0494,-1.2027,5.1300,2.7903,4.2446,3.0432,1.0010,-0.1581,0.8591,-0.0847,8.0290,-3.5785,6.9124,-5.9810,25.5200,49.1000,1021.1900,0.0000,0.0000,0.0000,20.8100,1603.7000,,,,245,2026,-0.8786,-0.4775,41.6488,-0.8891,otoño,1.8143,0.4184,ES,muy alto,0.9000,Zaragoza
Zaragoza,2026-09-03,0.9910,-0.7777,0.5643,-0.9050,2.1940,-0.5634,1.9937,-0.9287,2.5290,-0.4426,2.3897,-0.9603,2.7060,-0.4571,1.5657,1.7178,9.0860,-3.1905,8.4114,-4.1763,24.4800,50.7000,1020.4800,0.0000,0.0000,0.0000,23.4000,1608.0000,2.0000,0.1000,-0.9667,246,2026,-0.8867,-0.4623,41.6488,-0.8891,otoño,1.9481,0.1200,ES,moderado,0.5000,Zaragoza
Zaragoza,2026-09-04,1.0040,-0.7200,0.6693,-0.9944,2.3530,-0.1371,2.3135,-0.3089,3.2180,2.4092,1.5308,4.3017,5.2150,4.2604,1.5304,5.9940,3.4870,2.0208,2.6305,3.1052,25.7100,38.3000,1018.9300,0.0000,0.0000,3.9000,25.5900,1602.0000,1.7567,-1.9000,1.4667,247,2026,-0.8945,-0.4470,41.6488,-0.8891,otoño,1.8977,0.2680,ES,muy alto,0.9000,Zaragoza
Zaragoza,2026-09-05,1.1436,-0.4576,0.8302,-0.0078,4.5409,0.0423,4.5086,-0.6595,5.8591,-3.8740,4.0188,-5.7983,7.5918,-5.0068,5.6293,-3.8884,6.7400,-4.2053,5.0924,-0.0645,28.4818,30.6364,1018.7818,0.0000,0.0000,57.1818,25.2273,1602.8182,-0.9061,0.5000,1.7333,248,2026,-0.9021,-0.4315,41.6488,-0.8891,otoño,1.8160,0.0827,ES,bajo,0.0000,Zaragoza
Zaragoza,2026-09-06,2.9218,-0.7216,2.7237,-0.0112,7.5227,-1.6449,7.2703,-1.3083,5.6073,-3.2297,3.8215,-8.3727,5.9691,-4.0390,3.9956,-6.4818,5.3373,-5.1186,1.4195,-4.7318,27.1909,42.4545,1017.5727,0.0000,0.0000,32.9091,24.4818,1580.5455,-1.1182,-2.5667,-0.7000,249,2026,-0.9094,-0.4159,41.6488,-0.8891,otoño,1.5808,0.0549,ES,bajo,0.0000,Zaragoza
Zaragoza,2026-09-07,4.5155,-1.1010,4.3499,-1.3071,9.1964,-1.2989,9.0691,-1.5817,7.5245,3.2741,6.7236,1.0681,2.1136,0.3867,1.8328,1.0501,8.7691,-7.4823,4.4395,-5.6863,25.3818,52.9091,1017.2364,0.0000,0.0000,60.6364,20.7727,1562.7273,-5.4939,0.4000,-1.6000,250,2026,-0.9164,-0.4002,41.6488,-0.8891,otoño,1.6896,0.1780,ES,alto,0.7500,Zaragoza
Zaragoza,2026-09-08,6.3873,-1.0087,6.2896,-0.7006,11.9891,-0.4924,11.9603,-0.2231,15.2682,6.4082,13.8496,6.1281,12.3600,4.4173,11.4983,5.1871,11.4573,-3.7753,10.7599,-3.6095,21.5364,64.8182,1018.5545,0.0000,0.0000,45.8182,14.5455,1548.6364,-7.6212,2.1667,-7.2667,251,2026,-0.9232,-0.3844,41.6488,-0.8891,otoño,1.8800,0.1616,ES,alto,0.7500,Zaragoza
Zaragoza,2026-09-09,3.3309,-1.3771,2.9731,-1.3304,7.2918,-2.0830,6.8914,-1.4693,10.3173,2.6969,9.9451,3.7290,8.2000,2.0712,7.7791,0.9700,9.7700,-0.4370,9.6949,-1.7858,21.2545,33.3636,1016.8727,0.0000,0.0000,13.6364,17.0818,1538.8182,0.7152,-1.6333,-0.2667,252,2026,-0.9296,-0.3685,41.6488,-0.8891,otoño,1.7609,0.1894,ES,alto,0.7500,Zaragoza
Málaga,2026-09-02,1.2880,1.1423,0.5696,0.8626,0.6470,0.0868,0.5661,0.0390,4.4880,0.4433,4.4438,-0.1435,3.5940,0.5691,3.3394,1.0445,3.2550,-2.5479,1.5492,-1.9585,24.1000,81.4000,1020.5900,0.0000,0.0000,17.7000,24.7000,1604.7000,,,,245,2026,-0.8786,-0.4775,36.7213,-4.4214,otoño,1.3141,0.2330,ES,muy alto,0.9000,Málaga
Málaga,2026-09-03,1.2990,1.1572,0.4376,0.9373,0.5750,0.0266,0.5122,0.1237,4.0330,-0.0783,4.0188,-0.3970,3.6070,2.9603,1.8111,2.9671,2.2110,1.4836,1.3898,2.2742,24.1700,80.4000,1021.4700,0.0000,0.0000,17.8000,26.2800,1614.8000,1.2800,1.5667,-0.0333,246,2026,-0.8867,-0.4623,36.7213,-4.4214,otoño,1.2637,0.1839,ES,alto,0.7500,Málaga
Málaga,2026-09-04,1.0500,0.9941,0.2918,0.7032,0.8210,0.2122,0.5552,0.0713,5.6570,0.4459,5.6122,1.0048,6.2130,-3.1457,5.2702,-3.0195,5.9700,0.3330,5.2926,2.1406,24.7700,68.0000,1019.0300,0.0000,0.0000,85.3000,25.0200,1594.9000,-1.4467,-2.7000,0.1333,247,2026,-0.8945,-0.4470,36.7213,-4.4214,otoño,1.1895,0.0693,ES,moderado,0.5000,Málaga
Málaga,2026-09-05,1.7940,1.6741,0.6396,1.5975,0.5040,0.0045,0.4440,-0.1437,8.2140,0.4576,8.1772,1.1787,6.1360,-2.5087,5.5641,-2.2836,3.1470,-0.4913,2.3488,0.4776,22.6400,60.9000,1020.0500,0.0000,0.0000,59.5000,22.6600,1591.0000,-3.2400,1.0667,-1.2333,248,2026,-0.9021,-0.4315,36.7213,-4.4214,otoño,1.2057,0.0628,ES,bajo,0.0000,Málaga
Málaga,2026-09-06,1.5210,1.4604,0.3812,1.2439,0.6000,-0.0596,0.5569,-0.0146,0.6990,-0.5075,0.3502,-0.7647,2.4330,0.5683,1.5547,2.4607,4.2940,-3.8770,1.7318,-2.3731,23.0100,59.3000,1019.5900,0.0000,0.0000,8.5000,24.3100,1593.0000,1.5767,-0.3667,0.4000,249,2026,-0.9094,-0.4159,36.7213,-4.4214,otoño,1.2789,0.1102,ES,moderado,0.5000,Málaga
Málaga,2026-09-07,0.8810,0.5027,0.2688,0.7059,0.6020,-0.0081,0.5969,-0.0589,2.9260,1.3618,2.4915,1.7653,2.9060,-1.8095,1.0634,0.2741,12.1190,-9.5540,7.3945,-9.5450,23.1500,69.6000,1018.1900,0.0000,0.0000,21.3000,21.8900,1579.6750,-2.4767,-1.2333,-0.5000,250,2026,-0.9164,-0.4002,36.7213,-4.4214,otoño,1.2099,0.0468,ES,bajo,0.0000,Málaga
Málaga,2026-09-08,2.9530,1.3811,2.6074,1.4844,4.7490,2.3454,4.1229,2.1937,7.7240,5.3487,5.4572,4.7473,5.3420,3.7725,3.2658,4.8312,7.5820,-1.1507,7.4059,-2.2451,28.7200,32.8000,1014.9900,0.0000,0.0000,18.3000,22.4100,1559.5000,-0.0900,-3.2667,5.7667,251,2026,-0.9232,-0.3844,36.7213,-4.4214,otoño,1.5981,0.4517,ES,muy alto,0.9000,Málaga
Málaga,2026-09-09,0.9310,0.7403,0.4789,0.4125,0.9340,0.3125,0.8510,0.2802,1.5840,0.7104,0.8961,0.0130,2.8400,-0.1918,2.7521,0.3604,4.3880,-1.9232,3.8277,-2.1434,23.6600,83.0000,1016.5000,0.0000,0.0000,5.6000,20.0100,1555.3000,-2.9233,1.0667,-5.1667,252,2026,-0.9296,-0.3685,36.7213,-4.4214,otoño,1.2945,0.0948,ES,moderado,0.5000,Málaga
Murcia,2026-09-02,0.8045,0.3173,0.5949,0.6692,1.7509,0.9770,1.3755,1.2223,2.2682,0.2543,2.2340,0.4075,1.8155,-1.7328,0.4077,-2.1710,2.6691,-0.1500,2.1387,-0.1833,24.8364,80.0909,1020.3727,0.0000,0.0000,4.9091,24.8091,1606.6364,,,,245,2026,-0.8786,-0.4775,37.9922,-1.1307,otoño,1.2597,0.1154,ES,moderado,0.5000,Murcia
Murcia,2026-09-03,0.7436,0.3415,0.5258,0.6277,1.5473,0.6390,1.2715,0.6366,1.7982,-1.2141,1.2251,-1.3556,1.9409,-1.4118,1.1644,-0.9762,6.3018,3.6954,4.9665,5.8965,24.4545,87.0000,1021.1909,0.0000,0.0000,18.1818,25.0727,1614.2727,-0.2939,1.8000,-0.3000,246,2026,-0.8867,-0.4623,37.9922,-1.1307,otoño,1.2881,0.1478,ES,alto,0.7500,Murcia
Murcia,2026-09-04,0.8100,0.5914,0.4975,1.0537,1.5318,0.8566,1.1405,1.5099,2.0909,-1.1113,1.6865,-1.5180,2.3227,0.4417,2.1760,0.2832,10.2236,10.1151,1.2743,11.0305,24.1909,86.6364,1019.4273,0.0000,0.0000,51.5455,24.4545,1598.2727,-0.8121,-1.8667,0.3000,247,2026,-0.8945,-0.4470,37.9922,-1.1307,otoño,1.2045,0.0744,ES,moderado,0.5000,Murcia
Murcia,2026-09-05,0.6436,0.2799,0.4700,0.6077,1.5600,0.6147,1.3204,1.2898,4.5591,2.4663,3.5384,1.8793,5.4291,2.5891,4.7646,2.7639,6.5427,-1.8404,6.2658,-2.0882,23.7182,66.5455,1020.1818,0.0000,0.0000,50.5455,21.3455,1594.9091,-3.7879,1.0333,-0.0667,248,2026,-0.9021,-0.4315,37.9922,-1.1307,otoño,1.3102,0.0929,ES,moderado,0.5000,Murcia
Murcia,2026-09-06,0.6873,0.0842,0.4161,0.5650,1.5000,0.3445,1.3041,0.9209,2.5891,1.8744,1.5570,1.5471,3.1782,2.5912,1.6649,4.3118,8.3764,4.9667,6.6870,6.4901,23.2909,88.7273,1019.3364,0.0000,0.0000,33.3636,23.2091,1588.3636,1.4758,-0.8667,-1.4667,249,2026,-0.9094,-0.4159,37.9922,-1.1307,otoño,1.2927,0.1700,ES,alto,0.7500,Murcia
Murcia,2026-09-07,0.9645,0.3874,0.6519,0.9501,1.6436,0.3297,1.4046,0.9521,2.1455,-1.4135,1.2017,-1.2989,4.1382,-1.5588,2.6615,-4.2802,5.5573,-3.2870,3.1769,0.5985,24.1455,86.9091,1017.4455,0.0000,0.0000,59.8182,24.3182,1575.9091,1.2182,-1.3667,0.3000,250,2026,-0.9164,-0.4002,37.9922,-1.1307,otoño,1.1613,0.0468,ES,bajo,0.0000,Murcia
Murcia,2026-09-08,1.2909,0.8592,0.8599,1.1895,2.3118,1.9151,1.2439,2.0837,4.6891,3.0371,2.8060,0.0956,3.7291,1.9284,3.0804,2.1243,7.6800,-4.3049,5.5279,-0.1320,25.1727,71.7273,1015.4273,0.0000,0.0000,76.0000,22.4818,1554.2727,-2.4182,-3.3667,2.5000,251,2026,-0.9232,-0.3844,37.9922,-1.1307,otoño,1.2615,0.1232,ES,moderado,0.5000,Murcia
Murcia,2026-09-09,1.4500,0.3828,1.3740,0.2855,2.1845,0.0764,2.0852,0.0295,2.7555,-1.9562,1.5740,-2.5057,3.2100,-0.7523,2.6813,-1.5598,7.0173,0.3979,6.9716,1.3799,25.7909,83.0000,1016.2545,0.0000,0.0000,63.4545,19.8727,1550.3636,-3.8273,1.7000,-2.5000,252,2026,-0.9296,-0.3685,37.9922,-1.1307,otoño,1.2652,0.0764,ES,moderado,0.5000,Murcia
Palma,2026-09-02,0.8140,0.5337,0.2962,0.3902,1.0370,0.7684,0.2836,0.4823,1.3540,0.3383,1.0272,-0.1708,2.1780,-0.3095,1.7776,1.1040,9.8550,-0.8472,9.6705,-2.0375,26.4600,80.6000,1020.4400,0.0000,0.0000,3.5000,22.9200,1604.5000,,,,245,2026,-0.8786,-0.4775,39.5696,2.6502,otoño,1.4581,0.0929,ES,moderado,0.5000,Palma
Palma,2026-09-03,0.9660,0.0478,0.7503,-0.2194,1.2030,-0.7308,0.7403,-0.9791,2.0150,1.1776,1.5504,1.0733,3.9410,3.4141,1.7814,5.1203,7.3160,4.9128,5.2191,5.3969,26.2700,78.1000,1021.2600,0.0000,0.0000,0.0000,22.0500,1607.6000,-1.6833,1.4667,0.0000,246,2026,-0.8867,-0.4623,39.5696,2.6502,otoño,1.4499,0.0651,ES,moderado,0.5000,Palma
Palma,2026-09-04,1.0400,0.2546,0.6800,-0.1856,0.9190,-0.3198,0.3815,-0.7543,0.7920,0.2979,0.5467,-0.0367,3.8660,3.4753,1.3441,2.6831,2.7960,2.1053,1.5825,2.7103,25.8500,79.5000,1019.9100,0.0000,0.0000,0.5000,22.1300,1599.5000,-0.3700,-1.3333,-0.4667,247,2026,-0.8945,-0.4470,39.5696,2.6502,otoño,1.4127,0.0722,ES,moderado,0.5000,Palma
Palma,2026-09-05,1.0460,0.8230,0.5622,0.8858,0.7600,0.2379,0.5716,0.8767,6.2510,3.5626,5.0036,4.7653,7.6710,3.4911,6.8283,3.6253,11.1800,7.0336,8.5998,8.3682,26.2400,77.1000,1020.1700,0.0000,0.0000,0.1000,23.8500,1608.0000,1.3833,0.4000,0.9000,248,2026,-0.9021,-0.4315,39.5696,2.6502,otoño,1.3704,0.0863,ES,moderado,0.5000,Palma
Palma,2026-09-06,1.0150,0.6771,0.6407,0.5068,0.5400,0.1631,0.3229,-0.0689,3.1700,-0.0994,3.0831,0.1850,4.6360,0.4165,4.6139,0.6939,4.9500,0.1714,4.9254,0.7317,26.4400,73.3000,1019.1900,0.0000,0.0000,50.3000,22.8700,1598.7000,-1.3967,-1.1333,-0.1333,249,2026,-0.9094,-0.4159,39.5696,2.6502,otoño,1.2872,0.0638,ES,moderado,0.5000,Palma
Palma,2026-09-07,0.7080,0.0329,0.5427,-0.0460,0.8630,-0.7735,0.2873,-0.7526,3.3520,-2.8157,1.2304,-2.3430,2.7210,-2.6415,0.5886,-1.5691,3.8120,-2.8054,2.5635,-2.7766,26.2700,80.8000,1017.6000,0.0000,0.0000,21.2000,22.2000,1579.3000,-1.2000,-1.3333,-0.2667,250,2026,-0.9164,-0.4002,39.5696,2.6502,otoño,1.2891,0.0510,ES,bajo,0.0000,Palma
Palma,2026-09-08,1.9690,1.5095,1.2085,1.4524,3.2300,2.6006,1.8474,2.4288,2.9740,2.8620,0.7404,3.2318,4.4810,2.0745,3.9377,2.2066,9.7100,-0.9526,9.6129,0.5331,26.4700,76.9000,1015.7100,0.0000,0.0000,94.1000,17.2400,1544.0000,-5.3933,-2.3667,-0.2667,251,2026,-0.9232,-0.3844,39.5696,2.6502,otoño,1.3501,0.0856,ES,moderado,0.5000,Palma
Palma,2026-09-09,1.2850,0.7414,0.8033,0.5485,1.8670,0.4401,1.7027,0.6278,3.0440,-2.6714,1.3923,-2.1809,7.8440,2.4584,7.2783,4.7466,14.5200,3.8856,13.9683,3.6796,22.9300,74.0000,1016.7700,0.0000,0.0000,92.8000,14.9900,1539.2000,-3.2767,1.2000,-3.3000,252,2026,-0.9296,-0.3685,39.5696,2.6502,otoño,1.5015,0.0955,ES,moderado,0.5000,Palma
Bilbao,2026-09-02,1.2910,-0.1548,1.2100,0.1445,2.6200,0.0052,2.4109,0.8856,2.0060,0.2814,1.7072,1.0630,2.9350,1.4559,2.4389,2.5974,5.1090,-2.0261,4.5443,-2.5985,19.7400,79.8000,1024.9200,0.0000,0.0000,5.3000,19.0300,1603.2000,,,,245,2026,-0.8786,-0.4775,43.2630,-2.9350,otoño,1.7086,0.2948,ES,muy alto,0.9000,Bilbao
Bilbao,2026-09-03,1.8100,0.0032,1.7257,-0.0095,3.5310,-0.2036,3.4295,0.0559,2.5320,-1.7777,0.6821,0.3256,4.9340,-1.8332,4.2201,0.0844,8.1370,-3.2924,7.4157,-3.4624,22.9200,57.5000,1020.5200,0.0000,0.0000,0.0000,22.8600,1602.3000,4.2600,-2.7333,1.9000,246,2026,-0.8867,-0.4623,43.2630,-2.9350,otoño,1.6311,0.1998,ES,muy alto,0.9000,Bilbao
Bilbao,2026-09-04,1.1440,-0.1019,1.0969,-0.0497,1.6130,0.2293,1.5558,0.4103,2.6190,0.5370,2.3449,1.8466,4.7690,3.8736,2.6645,4.3202,7.0330,-6.6924,1.8782,-7.0353,23.0300,82.7000,1023.1200,0.1000,0.0000,98.5000,22.0000,1604.3000,-0.8333,0.9667,0.4000,247,2026,-0.8945,-0.4470,43.2630,-2.9350,otoño,1.5494,0.1436,ES,alto,0.7500,Bilbao
Bilbao,2026-09-05,0.8740,0.0815,0.7839,0.2175,1.5310,-0.0263,1.4662,0.0425,6.7970,-2.2214,4.9012,0.7832,5.7850,-3.6482,4.1288,-5.4251,6.9950,-6.7571,1.3055,-7.6636,22.0200,83.0000,1018.5600,0.0000,0.0000,71.8000,25.6800,1595.4000,3.1133,-3.5333,-0.4667,248,2026,-0.9021,-0.4315,43.2630,-2.9350,otoño,1.5415,0.1509,ES,alto,0.7500,Bilbao
Bilbao,2026-09-06,2.0490,1.0474,1.6484,1.1217,3.9150,1.4398,3.3775,1.3934,4.6720,-1.2233,4.0655,-2.7473,4.9480,-3.9621,2.4766,-1.8718,9.8360,-8.7005,4.3089,-7.3970,23.0000,77.8000,1020.2200,0.2000,0.1000,88.5000,21.8000,1587.0000,-4.0667,0.1333,2.7000,249,2026,-0.9094,-0.4159,43.2630,-2.9350,otoño,1.4098,0.1135,ES,moderado,0.5000,Bilbao
Bilbao,2026-09-07,0.8990,0.6564,0.5816,0.9131,1.6750,1.2503,0.9898,1.9809,4.8760,1.9642,4.4329,2.3357,4.1480,1.5797,3.7461,2.4216,10.9530,-7.5554,7.3634,-9.6485,20.3700,95.2000,1025.1700,0.0000,0.0000,95.6000,12.3800,1566.5000,-10.1867,6.7333,-4.9000,250,2026,-0.9164,-0.4002,43.2630,-2.9350,otoño,1.4939,0.0960,ES,moderado,0.5000,Bilbao
Bilbao,2026-09-08,0.8990,-0.8085,0.1167,-0.4951,1.2360,-0.9580,0.3031,-0.6036,6.5730,4.1630,4.3631,3.4819,7.4090,2.3474,7.0165,2.8754,12.2550,-2.1421,11.8026,-4.4130,18.0300,96.2000,1019.3300,0.0000,0.0000,51.6000,8.4500,1559.8000,-4.3500,-5.9333,-0.6667,251,2026,-0.9232,-0.3844,43.2630,-2.9350,otoño,1.3942,0.0906,ES,moderado,0.5000,Bilbao
Bilbao,2026-09-09,0.7550,-0.4211,0.2799,0.0313,0.9560,-0.5735,0.4370,-0.1490,2.6540,-0.8275,2.3872,-0.7007,10.1760,-0.2598,10.1448,-0.7712,10.0620,1.7192,9.8877,2.7381,20.9900,89.9000,1016.5600,0.0000,0.0000,91.6000,15.2400,1537.0000,4.8400,-3.7333,1.4667,252,2026,-0.9296,-0.3685,43.2630,-2.9350,otoño,1.3895,0.1581,ES,alto,0.7500,Bilbao
Alicante,2026-09-02,0.7527,0.0742,0.7302,0.1590,1.2373,0.5138,0.6956,1.2096,2.3091,1.1508,1.9285,1.9985,2.3318,-2.1701,0.6220,-2.2232,3.3291,-0.4197,2.8938,-1.0832,24.5545,90.5455,1020.3909,0.0000,0.0000,2.2727,24.4182,1606.8182,,,,245,2026,-0.8786,-0.4775,38.3452,-0.4810,otoño,1.2389,0.0875,ES,moderado,0.5000,Alicante
Alicante,2026-09-03,0.7527,0.0239,0.6911,-0.0723,0.7864,-0.2417,0.5836,-0.0544,1.4545,-1.1589,0.7093,-1.9258,2.4709,-1.2410,1.6517,-0.4957,4.9191,3.3411,3.3360,5.2613,24.5364,89.6364,1021.1455,0.0000,0.0000,2.5455,24.4273,1613.6364,-0.4394,1.6667,0.4000,246,2026,-0.8867,-0.4623,38.3452,-0.4810,otoño,1.3098,0.0676,ES,moderado,0.5000,Alicante
Alicante,2026-09-04,0.6964,0.0175,0.5579,-0.4908,0.7055,-0.2491,0.3375,-0.8710,1.3273,-1.0887,0.5873,-1.9093,2.7336,2.2777,1.4629,2.8308,10.1245,9.9066,1.8684,11.1707,24.1545,84.6364,1019.5455,0.0000,0.0000,25.1818,24.2182,1598.6364,-0.1152,-1.6333,-0.4333,247,2026,-0.8945,-0.4470,38.3452,-0.4810,otoño,1.2715,0.0782,ES,moderado,0.5000,Alicante
Alicante,2026-09-05,0.9427,0.1893,0.9123,0.1498,1.1173,0.9956,0.3623,1.0020,5.4018,3.3921,4.1090,2.8482,6.2400,1.9657,5.8625,2.1508,8.1791,-1.8516,7.8829,-0.8284,23.8636,66.7273,1020.0545,0.0000,0.0000,65.8182,21.9636,1596.5455,-2.7364,0.8000,0.0667,248,2026,-0.9021,-0.4315,38.3452,-0.4810,otoño,1.2899,0.0835,ES,moderado,0.5000,Alicante
Alicante,2026-09-06,0.8127,0.0056,0.7684,-0.2912,0.6018,-0.0264,0.4736,0.2296,3.3673,2.3586,2.3712,3.4379,3.9555,-0.1339,3.4485,1.9042,3.4045,2.2835,2.4979,0.9151,23.5455,93.0000,1019.2273,0.0000,0.0000,56.5455,22.6545,1589.0000,0.4879,-0.9667,-0.5000,249,2026,-0.9094,-0.4159,38.3452,-0.4810,otoño,1.2895,0.0724,ES,moderado,0.5000,Alicante
Alicante,2026-09-07,0.8745,-0.0477,0.8531,0.0405,1.6755,-1.3419,0.9491,-0.4921,2.2100,-1.6013,1.2573,-1.1816,2.9636,-1.8355,1.8891,-2.1993,6.2818,-2.6106,4.4193,1.0919,23.5273,81.5455,1017.4455,0.0000,0.0000,45.7273,24.0545,1575.3409,1.0879,-1.1667,-0.1333,250,2026,-0.9164,-0.4002,38.3452,-0.4810,otoño,1.2374,0.0883,ES,moderado,0.5000,Alicante
Alicante,2026-09-08,0.8755,0.4292,0.6653,0.8175,1.5973,1.0369,1.1287,1.9531,3.2400,2.9070,1.4172,1.8520,1.7236,0.2110,1.2058,-0.8921,9.0673,-2.7311,8.5387,-0.9698,24.9364,79.4545,1015.9000,0.0000,0.0000,70.5455,20.6727,1552.1818,-3.4606,-2.7667,1.3667,251,2026,-0.9232,-0.3844,38.3452,-0.4810,otoño,1.1926,0.0976,ES,moderado,0.5000,Alicante
Alicante,2026-09-09,1.2764,0.6582,1.0794,0.4684,1.2227,0.4107,1.0322,0.7006,2.4991,-1.7356,1.2774,-1.2680,2.4073,-1.7186,1.6373,-1.7897,8.1482,1.2984,8.0266,1.2384,23.7273,90.3636,1016.7364,0.0000,0.0000,47.3636,18.7000,1548.8182,-3.6667,1.4667,-1.5000,252,2026,-0.9296,-0.3685,38.3452,-0.4810,otoño,1.1676,0.0532,ES,bajo,0.0000,Alicante
Córdoba,2026-09-02,0.7210,0.4062,0.5349,0.0512,1.6330,-0.7760,0.7871,-2.2158,2.4130,-1.0510,2.1227,-1.7350,3.6310,-3.0317,1.8086,-3.0149,3.8210,-3.0682,1.8296,-3.3517,26.1100,47.4000,1018.6200,0.0000,0.0000,0.0000,24.3600,1603.9000,,,,245,2026,-0.8786,-0.4775,37.8882,-4.7794,otoño,1.4713,0.1372,ES,alto,0.7500,Córdoba
Córdoba,2026-09-03,0.5960,-0.0559,0.2644,-0.5360,2.0380,-1.6697,0.5027,-3.1246,1.9120,-1.0952,1.4751,-1.2384,2.6000,2.0295,1.1264,1.7157,4.1300,3.6155,1.9077,3.1388,27.6600,47.0000,1019.2500,0.0000,0.0000,29.6000,26.9700,1616.1000,2.6367,1.1000,1.4667,246,2026,-0.8867,-0.4623,37.8882,-4.7794,otoño,1.6575,0.1327,ES,alto,0.7500,Córdoba
Córdoba,2026-09-04,1.1210,-0.6685,0.4847,-1.7407,3.6780,-3.2564,1.3720,-5.9800,6.8580,-5.4057,3.2567,-3.0956,3.3280,-1.9868,1.5649,0.9404,5.5690,-0.1672,4.3388,2.8155,29.1600,47.6000,1016.5900,0.0000,0.0000,86.7000,26.3800,1591.6000,-0.9533,-2.5000,0.4333,247,2026,-0.8945,-0.4470,37.8882,-4.7794,otoño,1.5979,0.1340,ES,alto,0.7500,Córdoba
Córdoba,2026-09-05,0.8170,-0.2848,0.6946,-0.6396,2.6000,-1.8375,1.6722,-3.2772,9.2510,-8.5890,3.2634,-11.2554,4.1980,-4.0721,0.7574,-3.9848,3.0110,-1.2222,2.1918,0.2779,25.5500,45.9000,1018.0900,0.0000,0.0000,0.0000,23.7400,1589.2000,-3.5933,1.8333,-3.5000,248,2026,-0.9021,-0.4315,37.8882,-4.7794,otoño,1.7581,0.1148,ES,alto,0.7500,Córdoba
Córdoba,2026-09-06,1.1370,-0.7217,0.7146,-1.2432,4.1890,-3.5068,2.1175,-4.4274,3.8000,-0.6576,3.1037,-2.4804,3.7890,-3.1206,1.8683,-2.4958,7.8110,-6.9951,3.4123,-5.7066,27.4300,41.2000,1017.7900,0.0000,0.0000,16.6000,23.5100,1589.6000,-1.2567,-0.8333,2.5667,249,2026,-0.9094,-0.4159,37.8882,-4.7794,otoño,1.6333,0.0673,ES,moderado,0.5000,Córdoba
Córdoba,2026-09-07,1.2500,-0.9685,0.6892,-1.5836,3.7440,-3.2690,1.7576,-4.6804,4.5360,0.2455,3.2818,-1.7771,2.7030,-0.5755,2.2120,0.2238,6.6400,-5.1078,3.6298,-5.9179,25.9500,41.7000,1017.2800,0.0000,0.0000,8.0000,21.7600,1576.0000,-2.7733,-0.2667,-0.2333,250,2026,-0.9164,-0.4002,37.8882,-4.7794,otoño,1.4993,0.1404,ES,alto,0.7500,Córdoba
Córdoba,2026-09-08,1.1000,-0.5545,0.8815,-0.9123,3.1060,-2.6524,1.5230,-3.6130,5.6280,3.1258,4.4306,2.4750,5.0840,3.1154,3.9390,4.2610,4.9320,-0.3649,4.8677,-0.9221,24.0300,48.9000,1016.4400,0.0000,0.0000,15.3000,20.5800,1562.2000,-1.7533,-0.6333,-3.2667,251,2026,-0.9232,-0.3844,37.8882,-4.7794,otoño,1.4917,0.3208,ES,muy alto,0.9000,Córdoba
Córdoba,2026-09-09,2.0040,-1.4026,0.9418,-2.5871,3.8840,-3.3781,1.8212,-5.1335,4.9170,0.0260,3.6030,-2.4810,2.3570,-0.9465,1.6344,0.1345,5.0420,-2.0040,4.5945,-2.4247,25.0700,68.7000,1015.8100,0.0000,0.0000,15.0000,19.8300,1553.2000,-1.6700,-0.9000,0.4333,252,2026,-0.9296,-0.3685,37.8882,-4.7794,otoño,1.4010,0.2035,ES,muy alto,0.9000,Córdoba
Valladolid,2026-09-02,1.1280,0.9999,0.5069,1.1111,5.1980,5.1200,0.8227,5.9045,5.3660,5.3171,0.5987,6.0997,1.0250,0.6977,0.3814,2.0369,6.3570,-4.8843,3.7945,-6.4346,20.0500,47.4000,1022.7500,0.0000,0.0000,0.0000,22.2400,1601.0000,,,,245,2026,-0.8786,-0.4775,41.6523,-4.7245,otoño,1.9801,0.1920,ES,muy alto,0.9000,Valladolid
Valladolid,2026-09-03,0.6150,0.3182,0.5090,0.5722,2.0650,-0.3566,1.0418,1.5854,2.1270,-0.4003,0.9902,1.6731,3.9420,-1.9730,3.3906,-2.0189,10.8920,-4.1984,9.9003,-5.7443,19.7400,41.2000,1022.9400,0.0000,0.0000,6.2000,24.3300,1609.6000,1.6967,0.9000,-0.8333,246,2026,-0.8867,-0.4623,41.6523,-4.7245,otoño,1.8672,0.0865,ES,moderado,0.5000,Valladolid
Valladolid,2026-09-04,0.9590,0.7065,0.4878,0.3825,3.6860,3.0318,1.5451,0.9089,3.5170,2.9689,1.2574,0.8637,3.7790,1.8206,3.2163,1.2212,6.0390,-4.5699,3.5650,-4.5019,22.8700,40.6000,1020.5500,0.0000,0.0000,88.4000,25.2900,1596.7000,0.4567,-1.9667,2.2667,247,2026,-0.8945,-0.4470,41.6523,-4.7245,otoño,1.8551,0.1883,ES,muy alto,0.9000,Valladolid
Valladolid,2026-09-05,0.8330,-0.0154,0.6812,0.2952,3.0540,-2.0562,2.0173,-1.1200,2.5800,-1.8305,1.5497,-0.9840,8.7970,-7.7198,3.8125,-5.7793,10.6870,-10.1114,3.2022,-9.4454,24.1200,38.4000,1018.9800,0.0000,0.0000,61.4000,25.0100,1582.9000,-0.6900,-1.4333,1.4000,248,2026,-0.9021,-0.4315,41.6523,-4.7245,otoño,1.7679,0.0938,ES,moderado,0.5000,Valladolid
Valladolid,2026-09-06,0.6960,0.3194,0.5426,-0.0798,0.8670,0.4664,0.5101,-0.0154,0.8720,0.4469,0.4752,-0.1185,2.3840,-1.5373,1.3771,-0.9589,7.0780,-6.7360,1.9000,-7.5185,20.8100,62.8000,1020.0900,0.0000,0.0000,73.2000,21.5100,1578.8000,-4.3233,0.3333,-1.6333,249,2026,-0.9094,-0.4159,41.6523,-4.7245,otoño,1.6850,0.1041,ES,moderado,0.5000,Valladolid
Valladolid,2026-09-07,1.9370,0.9357,0.8095,0.7743,5.8520,3.4243,2.3683,1.3979,5.4490,3.1388,2.1529,1.1256,3.7490,0.4611,3.5261,-0.3706,8.2810,-5.5552,5.8592,-6.8866,19.6000,68.1000,1020.1100,0.0000,0.0000,92.2000,18.8500,1565.4750,-3.0167,-0.2000,-1.8000,250,2026,-0.9164,-0.4002,41.6523,-4.7245,otoño,1.7311,0.1084,ES,moderado,0.5000,Valladolid
Valladolid,2026-09-08,2.3790,1.8809,0.6565,1.0283,6.1140,4.5682,2.6352,2.7231,4.7170,3.5773,1.8003,2.1301,4.8200,2.4926,4.0226,3.0636,8.1470,-0.8515,7.9959,-2.3563,17.6200,77.0000,1020.4800,0.0000,0.0000,82.0000,15.4600,1557.6000,-5.1733,0.8667,-2.7000,251,2026,-0.9232,-0.3844,41.6523,-4.7245,otoño,1.7604,0.1044,ES,moderado,0.5000,Valladolid
Valladolid,2026-09-09,0.4900,0.4407,0.1859,0.4544,0.9190,0.1528,0.3131,1.0054,0.5930,0.3192,0.3076,0.7213,3.4540,0.1894,3.3141,1.0818,6.0800,1.3846,5.9156,1.3925,16.8600,56.6000,1018.2700,0.0000,0.0000,0.0000,17.7900,1546.7000,1.0900,-2.2000,-0.9000,252,2026,-0.9296,-0.3685,41.6523,-4.7245,otoño,1.7807,0.1826,ES,muy alto,0.9000,Valladolid
Vigo,2026-09-02,1.0840,0.7777,0.6888,0.6613,1.8900,1.5753,0.8222,1.8999,2.6760,2.2804,1.1997,2.4644,2.5230,-2.2791,0.9424,-1.5658,2.9500,-2.0899,0.9676,0.5608,18.8900,87.3000,1020.5900,0.0000,0.0000,4.0000,19.6800,1596.3000,,,,245,2026,-0.8786,-0.4775,42.2406,-8.7207,otoño,1.5447,0.4034,ES,muy alto,0.9000,Vigo
Vigo,2026-09-03,0.7220,0.4662,0.3082,0.0839,0.8360,0.6187,0.4807,0.3648,2.4750,-2.2055,0.8814,-2.7215,6.7580,-6.5851,1.5008,-6.6392,12.9510,-12.0244,4.3938,-10.0525,20.1200,82.6000,1019.7400,0.0000,0.0000,21.4000,23.7500,1598.0000,4.3167,-0.3333,0.9333,246,2026,-0.8867,-0.4623,42.2406,-8.7207,otoño,1.4186,0.0928,ES,moderado,0.5000,Vigo
Vigo,2026-09-04,0.7110,0.1717,0.6057,0.2906,0.9210,0.3891,0.4165,1.3452,5.2650,-4.4095,2.8040,-4.6210,4.9950,-4.8158,1.2251,-6.3192,14.6900,-14.5490,1.6785,-14.6848,20.3900,85.5000,1018.7000,0.0000,0.0000,57.7000,21.9000,1583.2000,-1.4667,-1.3000,-1.1000,247,2026,-0.8945,-0.4470,42.2406,-8.7207,otoño,1.3099,0.0417,ES,bajo,0.0000,Vigo
Vigo,2026-09-05,1.4400,-0.4445,0.5776,0.1848,2.2700,-0.3334,1.1303,1.0525,2.7500,-2.0805,0.8656,-2.1769,6.3070,-5.0209,3.5618,-5.7336,11.1550,-10.0214,4.6456,-11.9145,20.0900,85.4000,1018.3700,0.9000,0.2000,84.2000,19.6500,1568.2000,-2.2833,-1.6333,1.6333,248,2026,-0.9021,-0.4315,42.2406,-8.7207,otoño,1.2812,0.0770,ES,bajo,0.0000,Vigo
Vigo,2026-09-06,0.5070,-0.1509,0.3655,-0.3115,0.8160,0.0130,0.7635,0.1920,3.3400,0.6011,3.0674,1.9024,3.5200,-1.5732,2.5015,0.0261,8.6890,-5.5408,6.6445,-5.0000,19.7200,85.4000,1022.5700,0.0000,0.0000,99.0000,14.2100,1579.3000,-5.6567,5.3333,-2.7000,249,2026,-0.9094,-0.4159,42.2406,-8.7207,otoño,1.2717,0.1223,ES,moderado,0.5000,Vigo
Vigo,2026-09-07,0.9220,-0.7813,0.4184,-1.0170,0.5680,-0.3624,0.3653,-0.3863,4.3230,1.8247,3.6087,2.2893,7.4360,2.4416,6.8510,3.6506,9.3820,-2.8820,8.8698,-2.1031,18.0400,89.3000,1022.7700,0.0000,0.0000,98.5000,14.6900,1577.8500,-0.3100,0.5000,-1.5667,250,2026,-0.9164,-0.4002,42.2406,-8.7207,otoño,1.1265,0.0815,ES,bajo,0.0000,Vigo
Vigo,2026-09-08,1.2330,1.0719,0.5201,1.1787,2.8430,2.7351,0.7166,3.2918,2.3300,2.2129,0.4720,3.2617,4.2490,2.3523,3.4921,2.7987,9.0640,1.0291,8.9902,1.4219,17.6200,91.9000,1021.5400,0.0000,0.0000,75.2000,14.5100,1561.7000,-1.5900,-1.3667,1.4000,251,2026,-0.9232,-0.3844,42.2406,-8.7207,otoño,1.3945,0.1537,ES,moderado,0.5000,Vigo
Vigo,2026-09-09,0.7250,0.1468,0.6376,-0.1561,0.9430,0.5406,0.5713,0.1962,1.5110,1.3762,0.5415,1.2818,2.9900,0.6098,2.9135,0.3795,5.6210,0.9914,5.5137,1.4499,15.5700,95.4000,1019.1900,0.0000,0.0000,28.2000,18.1600,1549.1000,4.2600,-2.7000,-2.4667,252,2026,-0.9296,-0.3685,42.2406,-8.7207,otoño,1.3940,0.4399,ES,muy alto,0.9000,Vigo
Gijón,2026-09-02,1.3130,-0.5883,0.6524,0.0627,2.9550,0.8648,2.8053,1.0340,2.0000,0.1326,1.8582,-0.0145,1.4880,-0.8549,0.8512,-0.1270,2.1490,1.3531,1.5007,0.8509,19.5200,83.3000,1023.9000,0.0000,0.0000,1.0000,18.7600,1602.5000,,,,245,2026,-0.8786,-0.4775,43.5322,-5.6611,otoño,1.2837,0.3501,ES,muy alto,0.9000,Gijón
Gijón,2026-09-03,1.1870,-1.0688,0.3480,-0.7365,1.3250,-0.8942,0.9211,-0.2654,2.2350,-1.3175,1.5883,-0.3029,6.3130,-5.1644,3.4574,-4.0681,12.2660,-7.2345,9.8565,-6.2399,21.3000,78.7000,1020.0900,0.0000,0.0000,0.0000,22.2400,1599.4000,3.8067,-3.3333,2.2000,246,2026,-0.8867,-0.4623,43.5322,-5.6611,otoño,1.1134,0.0584,ES,bajo,0.0000,Gijón
Gijón,2026-09-04,2.7130,1.8469,1.9018,1.9329,4.5620,2.9355,3.3747,2.9302,3.6700,-2.1813,2.8117,-2.0728,5.0980,-2.3437,4.2414,-3.9722,10.3580,-9.5527,3.3657,-10.5379,22.5600,84.4000,1022.2600,0.0000,0.0000,100.0000,21.8500,1599.6000,-0.0833,2.1667,-0.3000,247,2026,-0.8945,-0.4470,43.5322,-5.6611,otoño,1.0373,0.0783,ES,moderado,0.5000,Gijón
Gijón,2026-09-05,1.1820,-0.0316,0.5892,0.7823,1.8860,-0.3135,1.2053,0.5518,5.3370,-3.4436,2.9506,-1.7735,8.1030,-7.6723,1.5463,-8.2975,7.8450,-7.4921,1.8054,-5.7417,20.7300,94.7000,1018.5400,0.0000,0.0000,61.8000,24.7600,1583.5000,3.3600,-3.0333,-1.5667,248,2026,-0.9021,-0.4315,43.5322,-5.6611,otoño,1.1614,0.0970,ES,moderado,0.5000,Gijón
Gijón,2026-09-06,2.0420,-0.0297,2.0040,0.2667,3.7390,-0.1781,3.7087,0.1963,2.9840,-2.2379,1.6987,-1.8918,3.4370,-2.6426,2.0265,-2.7851,13.1590,-12.6580,3.5409,-10.5939,20.6800,88.3000,1021.1300,0.0000,0.0000,98.5000,19.3300,1578.6000,-6.0700,1.0333,-0.7000,249,2026,-0.9094,-0.4159,43.5322,-5.6611,otoño,1.0478,0.1696,ES,alto,0.7500,Gijón
Gijón,2026-09-07,1.7490,0.8224,1.1565,1.5082,2.9640,1.6999,2.0214,2.2198,4.1190,-1.4697,3.6696,-1.4208,6.7170,-3.6586,5.4770,-4.3520,11.7090,-2.8783,11.0542,-0.5153,19.3800,91.6000,1024.8800,0.5000,0.0000,70.7000,12.9300,1565.7000,-7.4700,5.7000,-0.4000,250,2026,-0.9164,-0.4002,43.5322,-5.6611,otoño,1.0446,0.0816,ES,moderado,0.5000,Gijón
Gijón,2026-09-08,2.1580,-2.1033,0.3415,-1.7989,2.9490,-2.6691,1.1177,-2.3659,2.9880,2.2154,1.8029,1.5351,3.3760,-2.9778,1.5180,-3.6160,11.1790,0.3339,11.1703,0.3467,18.1300,89.7000,1018.9800,0.0000,0.0000,81.7000,7.9400,1560.6000,-3.7933,-5.9333,-1.0333,251,2026,-0.9232,-0.3844,43.5322,-5.6611,otoño,1.0802,0.1109,ES,moderado,0.5000,Gijón
Gijón,2026-09-09,1.4320,-0.8615,1.1020,-0.4980,2.2140,-1.1282,1.8891,-0.7189,3.6180,-1.7735,3.0899,-1.6891,7.9230,-3.1476,7.2621,-3.7437,9.4330,0.1356,9.4114,0.2643,20.8300,91.0000,1016.7600,0.0000,0.0000,81.5000,16.5000,1542.1000,7.6667,-3.9000,2.7000,252,2026,-0.9296,-0.3685,43.5322,-5.6611,otoño,1.0208,0.1210,ES,alto,0.7500,Gijón
Granada,2026-09-02,1.6450,0.8247,1.3815,0.9377,1.1000,-0.4341,0.7812,-0.9998,1.2610,-0.5343,1.0191,-0.9622,2.2000,0.5098,1.8900,1.2949,4.3320,-2.9797,2.4154,-1.7132,23.6100,42.9000,1021.6400,0.0000,0.0000,0.1000,24.5000,1605.8000,,,,245,2026,-0.8786,-0.4775,37.1773,-3.5986,otoño,1.4352,0.1288,ES,alto,0.7500,Granada
Granada,2026-09-03,1.5400,0.6751,1.3085,1.0256,1.2480,-0.7487,0.9001,-0.9691,1.6820,-1.0563,1.2087,-1.4606,2.0940,1.5378,1.2482,0.8402,3.4180,3.2360,1.0150,4.2885,23.3500,35.1000,1022.6100,0.0000,0.0000,8.0000,26.1700,1615.0000,0.9700,1.6000,-0.1333,246,2026,-0.8867,-0.4623,37.1773,-3.5986,otoño,1.3223,0.0919,ES,alto,0.7500,Granada
Granada,2026-09-04,1.4690,0.9541,1.0754,1.2256,0.9410,-0.2047,0.5442,-0.2458,1.1670,-0.3744,0.7994,-0.5188,2.5110,-1.6809,1.3593,-2.6328,4.5460,1.6284,3.9385,2.7425,23.9400,39.3000,1020.2400,0.0000,0.0000,91.2000,25.4400,1594.9000,-0.7600,-2.2000,-0.2667,247,2026,-0.8945,-0.4470,37.1773,-3.5986,otoño,1.2153,0.0329,ES,bajo,0.0000,Granada
Granada,2026-09-05,1.4160,0.8998,1.0453,1.0701,0.5970,0.1070,0.2634,0.3886,0.7570,-0.0917,0.5551,0.1316,1.1490,-0.2295,1.0426,0.2198,3.3870,3.1981,0.8818,4.4316,22.3000,47.7000,1020.9300,0.0000,0.0000,87.1000,22.4600,1590.7000,-3.8733,0.9333,-1.6000,248,2026,-0.9021,-0.4315,37.1773,-3.5986,otoño,1.2504,0.0605,ES,moderado,0.5000,Granada
Granada,2026-09-06,1.3740,0.7986,1.0971,0.8248,0.8480,-0.3431,0.7032,-0.8067,0.6580,-0.3821,0.4881,-0.5751,2.2280,0.6554,1.7180,1.4088,4.4630,-2.7419,3.0518,-0.8362,21.6800,41.3000,1020.8300,0.0000,0.0000,37.6000,23.9900,1592.4000,1.0233,-0.5000,0.0333,249,2026,-0.9094,-0.4159,37.1773,-3.5986,otoño,1.3681,0.0914,ES,alto,0.7500,Granada
Granada,2026-09-07,1.5820,0.5913,1.3889,0.5762,0.9220,-0.1867,0.6084,-0.7332,0.6600,-0.3267,0.4058,-0.6611,2.5140,-0.7991,1.5825,0.6988,11.6280,-9.1833,7.0345,-8.6011,21.7400,47.7000,1019.7900,0.0000,0.0000,43.4000,22.2300,1579.3000,-2.3033,-0.7667,0.0667,250,2026,-0.9164,-0.4002,37.1773,-3.5986,otoño,1.1797,0.0316,ES,bajo,0.0000,Granada
Granada,2026-09-08,1.2536,-0.5101,0.9201,-0.2354,2.7264,1.1522,2.4600,1.6474,1.5291,-0.1602,1.3716,0.2421,6.5873,5.4849,3.4380,5.5164,5.5864,-1.1534,5.3748,-1.3591,22.4909,40.0909,1018.4182,0.0000,0.0000,36.3636,21.3182,1560.4545,-2.4818,-0.7667,-1.2000,251,2026,-0.9232,-0.3844,37.1773,-3.5986,otoño,1.4030,0.1641,ES,muy alto,0.9000,Granada
Granada,2026-09-09,1.1455,-0.4823,0.8301,-0.6519,1.8345,0.7124,1.6148,0.5042,1.0000,-0.2001,0.7815,-0.3930,2.8118,1.3582,2.3650,1.7584,4.7591,-1.7837,4.0916,-0.7333,23.0727,54.7273,1017.8545,0.0000,0.0000,10.0909,19.8273,1554.8182,-2.3727,-0.8000,-0.4333,252,2026,-0.9296,-0.3685,37.1773,-3.5986,otoño,1.3683,0.1378,ES,alto,0.7500,Granada
Cáceres,2026-09-02,0.8530,0.1502,0.7272,0.4474,2.6540,2.1086,1.3809,3.3396,2.6190,1.9091,1.5031,2.2800,3.5230,-3.2600,1.1241,-2.1208,5.2970,-4.2570,2.8394,-4.1689,26.0200,34.8000,1019.5700,0.0000,0.0000,0.0000,23.3200,1600.1000,,,,245,2026,-0.8786,-0.4775,39.4753,-6.3724,otoño,1.6005,0.1774,ES,alto,0.7500,Cáceres
Cáceres,2026-09-03,0.9840,-0.0638,0.8472,0.0810,2.6660,1.7726,1.4608,2.5089,3.4670,2.1853,1.8484,3.0998,1.8620,-1.6506,0.7731,-1.7095,5.6030,-3.0542,4.4501,-2.0000,28.3000,25.0000,1019.6500,0.0000,0.0000,68.1000,26.2100,1613.7000,3.1433,0.6000,3.6667,246,2026,-0.8867,-0.4623,39.4753,-6.3724,otoño,1.6245,0.1171,ES,moderado,0.5000,Cáceres
Cáceres,2026-09-04,1.0320,0.1251,0.6020,0.6166,3.6910,2.8664,1.7743,4.5705,7.2190,6.0896,3.0945,9.2281,2.9310,-0.7733,2.2142,0.5756,8.8380,-5.6591,6.5943,-4.8565,29.2100,30.0000,1016.9900,0.0000,0.0000,99.1000,26.4100,1588.8000,0.1433,-2.0333,-0.9000,247,2026,-0.8945,-0.4470,39.4753,-6.3724,otoño,1.5144,0.0801,ES,moderado,0.5000,Cáceres
Cáceres,2026-09-05,1.8150,-1.6988,0.4271,-2.7483,4.7110,-4.4036,1.2799,-7.5254,6.7460,-5.7514,3.0938,-9.2747,8.7200,-8.5051,1.3591,-5.1927,12.1800,-10.4004,5.5451,-8.9559,27.4000,45.0000,1017.6600,0.0000,0.0000,45.3000,23.5600,1582.0000,-2.8733,-0.5667,-0.7667,248,2026,-0.9021,-0.4315,39.4753,-6.3724,otoño,1.5927,0.0283,ES,bajo,0.0000,Cáceres
Cáceres,2026-09-06,1.9640,-1.0216,1.3498,-0.7200,5.8040,0.7447,5.6958,0.3926,6.2140,3.7771,3.9820,2.8550,2.1980,-0.3749,1.7856,1.0045,5.9220,-5.1632,2.8696,-4.9413,24.8300,44.3000,1018.9800,0.0000,0.0000,51.6000,21.2900,1583.0000,-3.0767,1.6000,-2.6000,249,2026,-0.9094,-0.4159,39.4753,-6.3724,otoño,1.4771,0.1376,ES,alto,0.7500,Cáceres
Cáceres,2026-09-07,1.9280,-0.9925,1.6245,-1.0486,6.2750,1.1587,5.9085,-0.0317,7.4710,5.1864,4.7174,4.0261,3.5270,0.1714,3.0891,1.8297,3.9650,-0.8885,3.8628,-0.7231,23.1500,43.1000,1018.7300,0.0000,0.0000,36.4000,20.4100,1572.0000,-1.5567,0.0667,-1.9333,250,2026,-0.9164,-0.4002,39.4753,-6.3724,otoño,1.5485,0.1328,ES,alto,0.7500,Cáceres
Cáceres,2026-09-08,2.7420,0.8337,2.5939,1.1683,7.4690,4.1377,6.1788,4.9092,9.2620,7.8337,4.9105,8.4706,5.8780,2.8162,5.1546,3.0444,7.6530,-0.7124,7.4415,1.1263,23.7700,57.6000,1017.9100,0.0000,0.0000,54.0000,18.2700,1562.1000,-2.3967,-0.8000,0.0333,251,2026,-0.9232,-0.3844,39.4753,-6.3724,otoño,1.5261,0.2862,ES,muy alto,0.9000,Cáceres
Cáceres,2026-09-09,1.4310,-1.0286,0.8328,-1.2924,4.1950,-1.5474,3.8691,-2.6257,4.5040,1.7621,3.2774,0.0825,2.4480,2.3620,0.5371,3.8771,1.8200,0.8015,1.2068,0.0407,20.9200,61.3000,1016.3400,0.0000,0.0000,0.3000,19.7500,1548.0000,1.2833,-1.9667,-1.7667,252,2026,-0.9296,-0.3685,39.4753,-6.3724,otoño,1.4979,0.2017,ES,alto,0.7500,Cáceres
Almería,2026-09-02,0.9550,-0.1461,0.7977,-0.2647,0.9440,-0.2987,0.5810,-0.5852,2.0490,1.7615,1.0005,1.6195,1.9980,0.9420,1.4202,1.5823,3.4270,-2.8503,1.4457,-1.1840,25.0100,87.5000,1020.3200,0.0000,0.0000,3.1000,24.4200,1607.0000,,,,245,2026,-0.8786,-0.4775,36.8340,-2.4637,otoño,1.3841,0.2088,ES,alto,0.7500,Almería
Almería,2026-09-03,0.5750,-0.2900,0.4207,-0.2755,0.5400,-0.3110,0.2961,0.0816,1.4750,1.1586,0.8018,1.3613,0.6170,0.2427,0.3327,-0.3285,4.6600,3.9605,2.4204,4.9385,25.1500,91.6000,1021.2500,0.0000,0.0000,20.2000,25.3500,1615.2000,1.0833,1.3333,0.8000,246,2026,-0.8867,-0.4623,36.8340,-2.4637,otoño,1.3015,0.0950,ES,moderado,0.5000,Almería
Almería,2026-09-04,1.4080,0.1514,1.3708,-0.1322,0.6530,0.3418,0.4122,0.1363,1.3790,0.9940,0.8127,0.7624,1.8960,0.1216,1.6835,0.6047,10.0240,8.5046,4.8666,8.7478,25.3800,63.0000,1019.0400,0.0000,0.0000,97.4000,24.3400,1597.2000,-0.9600,-2.2667,-0.2000,247,2026,-0.8945,-0.4470,36.8340,-2.4637,otoño,1.2287,0.0566,ES,bajo,0.0000,Almería
Almería,2026-09-05,2.3636,0.4532,2.2967,0.5139,2.0573,0.8416,1.7272,0.8959,3.4273,3.2855,0.7201,3.8528,3.8091,3.3049,1.7831,3.0785,5.4836,5.3938,0.6989,8.3013,26.4636,46.0000,1019.4091,0.0000,0.0000,67.9091,21.5000,1592.0000,-3.3667,0.4333,1.8667,248,2026,-0.9021,-0.4315,36.8340,-2.4637,otoño,1.4060,0.1037,ES,moderado,0.5000,Almería
Almería,2026-09-06,0.4818,-0.1148,0.3913,-0.1726,0.4836,-0.3454,0.2336,-0.1232,0.8464,0.1078,0.7645,0.3341,1.8000,0.7580,1.2683,-0.5229,4.7555,1.8521,3.9636,3.9824,24.2182,81.9091,1019.4545,0.0000,0.0000,0.3636,24.0545,1591.5455,1.9879,-0.1000,-2.3333,249,2026,-0.9094,-0.4159,36.8340,-2.4637,otoño,1.4016,0.2269,ES,muy alto,0.9000,Almería
Almería,2026-09-07,0.6936,-0.3767,0.5356,-0.2543,0.5036,-0.3275,0.3427,-0.3140,1.4336,-0.8294,1.1242,-0.5810,3.2591,-1.2038,2.3698,0.1201,7.3136,-5.2498,4.9484,-2.6495,22.4455,95.0000,1018.1455,0.0000,0.0000,78.8182,24.7273,1578.9318,0.9273,-0.7000,-2.5333,250,2026,-0.9164,-0.4002,36.8340,-2.4637,otoño,1.3240,0.0796,ES,moderado,0.5000,Almería
Almería,2026-09-08,1.4073,0.2247,1.3707,0.5531,1.9882,1.1536,1.5425,2.4484,2.9200,1.8455,2.1916,3.5681,3.2145,1.8237,2.5373,2.9040,6.1109,-5.0759,3.1106,-5.9904,27.2909,33.1818,1015.0636,0.0000,0.0000,59.0000,23.4818,1556.0000,-1.9848,-3.8333,7.3333,251,2026,-0.9232,-0.3844,36.8340,-2.4637,otoño,1.4594,0.2094,ES,muy alto,0.9000,Almería
Almería,2026-09-09,0.6709,-0.0464,0.5858,-0.0308,0.6091,0.0958,0.4313,0.1714,0.7218,0.4359,0.3074,0.7024,2.9118,1.5633,2.3855,1.6004,5.8727,-1.5063,5.2749,0.4010,24.7000,88.5455,1017.2364,0.0000,0.0000,43.6364,20.5909,1553.0909,-4.1424,2.4333,-4.3667,252,2026,-0.9296,-0.3685,36.8340,-2.4637,otoño,1.2598,0.1871,ES,alto,0.7500,Almería
Santander,2026-09-02,1.8250,0.5265,1.6580,1.1452,3.8930,1.8318,3.3991,2.4282,0.9840,-0.7290,0.5686,-0.8247,2.1570,0.9324,1.8816,0.8983,3.1600,-0.2322,3.0386,0.3428,19.5600,85.9000,1024.3600,0.0000,0.0000,0.1000,19.0900,1602.8000,,,,245,2026,-0.8786,-0.4775,43.4623,-3.8100,otoño,1.6074,0.4184,ES,muy alto,0.9000,Santander
Santander,2026-09-03,1.8610,0.7680,1.5532,1.6558,4.0900,1.9067,3.5774,2.6898,2.2840,-1.5602,1.1305,-0.2632,5.3220,-2.9113,4.1930,-1.6569,9.5660,-4.5527,8.3213,-3.9353,21.1800,83.1000,1020.1400,0.0000,0.0000,0.0000,22.7100,1601.5000,3.9767,-2.9000,1.1333,246,2026,-0.8867,-0.4623,43.4623,-3.8100,otoño,1.4066,0.1278,ES,alto,0.7500,Santander
Santander,2026-09-04,2.1980,1.0965,1.6485,1.4642,3.0920,1.7766,2.2758,1.8592,2.1930,-1.0061,1.8339,-0.6740,6.2150,1.8187,5.8624,2.1210,7.3810,-7.0613,1.9262,-7.2668,22.6600,84.5000,1022.6400,0.0000,0.0000,99.0000,21.5700,1602.9000,-1.0967,1.3000,0.8667,247,2026,-0.8945,-0.4470,43.4623,-3.8100,otoño,1.3590,0.1302,ES,alto,0.7500,Santander
Santander,2026-09-05,0.6800,-0.3386,0.2957,-0.0568,1.3430,-0.4153,0.9016,0.1600,4.6970,-1.2828,3.0031,0.8024,7.1050,-6.5375,2.3533,-4.2508,10.1260,-9.8860,2.1638,-10.5999,21.2600,91.6000,1018.5300,0.0000,0.0000,81.4000,25.4600,1592.1000,3.9267,-3.1000,-1.0333,248,2026,-0.9021,-0.4315,43.4623,-3.8100,otoño,1.4527,0.1282,ES,alto,0.7500,Santander
Santander,2026-09-06,2.8680,-1.6261,2.3072,-1.2484,5.1620,-2.8737,4.2274,-2.3115,4.8810,-3.5864,2.7137,-4.3444,6.9550,-6.8313,1.1676,-7.8125,12.0010,-11.1578,4.0119,-10.8905,21.8000,83.4000,1020.7000,0.0000,0.0000,100.0000,21.1000,1584.0000,-4.7000,0.6667,1.7000,249,2026,-0.9094,-0.4159,43.4623,-3.8100,otoño,1.2733,0.0705,ES,bajo,0.0000,Santander
Santander,2026-09-07,1.3800,0.9424,0.9283,1.0961,2.4790,1.8735,1.5391,1.5644,5.4430,-0.8365,5.3581,-0.5097,5.2240,-1.2852,5.0319,-1.9147,11.1660,-4.9626,9.5422,-7.3714,20.3900,88.6000,1024.9700,0.0000,0.0000,69.8000,11.8000,1566.0000,-9.0000,6.0000,-2.2000,250,2026,-0.9164,-0.4002,43.4623,-3.8100,otoño,1.3285,0.0941,ES,moderado,0.5000,Santander
Santander,2026-09-08,1.5350,-1.2925,0.6440,-1.1061,3.1350,-2.4510,1.5280,-1.9774,4.1590,3.2534,2.1182,3.2255,5.6880,-1.9223,5.3337,-2.9961,12.2430,-0.3250,12.2251,-0.4957,19.2900,87.0000,1019.1600,0.0000,0.0000,64.4000,8.0700,1560.5000,-4.4300,-5.9000,-1.1333,251,2026,-0.9232,-0.3844,43.4623,-3.8100,otoño,1.2993,0.1212,ES,moderado,0.5000,Santander
Santander,2026-09-09,1.0630,-0.2754,0.4494,0.6885,1.6090,-0.8112,0.8662,0.5577,4.2800,-1.3635,3.9555,-1.2580,10.7090,-1.9405,10.5212,-2.2412,9.5950,1.2646,9.4923,1.9802,21.3800,88.3000,1016.3900,0.5000,0.0000,93.5000,15.8800,1537.9000,6.6133,-4.0000,1.8333,252,2026,-0.9296,-0.3685,43.4623,-3.8100,otoño,1.3015,0.1139,ES,moderado,0.5000,Santander
Salamanca,2026-09-02,1.0200,0.5588,0.8065,0.6324,4.1840,2.6084,2.8327,4.0417,2.2900,1.3907,1.6352,1.9349,2.9670,0.2790,2.6973,1.4437,6.6400,-5.5615,3.1077,-7.4587,17.9200,44.0000,1023.0400,0.0000,0.0000,0.0000,22.8800,1600.0000,,,,245,2026,-0.8786,-0.4775,40.9701,-5.6635,otoño,1.9114,0.2207,ES,muy alto,0.9000,Salamanca
Salamanca,2026-09-03,0.8970,-0.0903,0.7802,-0.5107,2.0160,-0.3857,1.6632,0.6276,1.2770,-0.1227,1.1933,-0.1955,3.0740,-0.9688,2.5737,-0.2828,8.6240,-4.0973,7.3939,-3.5355,19.5400,35.8000,1023.2700,0.0000,0.0000,47.2000,24.8300,1611.3000,1.3300,0.8000,2.4333,246,2026,-0.8867,-0.4623,40.9701,-5.6635,otoño,1.9819,0.1572,ES,alto,0.7500,Salamanca
Salamanca,2026-09-04,1.0580,0.2857,0.8267,0.4429,4.8470,3.1027,3.3221,3.8495,2.3190,0.9238,1.8380,1.6247,6.2230,4.3479,3.8997,4.7131,7.0060,-4.6358,4.9330,-2.5752,23.4700,39.4000,1020.7500,0.0000,0.0000,94.3000,24.6900,1594.8000,-0.5100,-1.6667,1.4333,247,2026,-0.8945,-0.4470,40.9701,-5.6635,otoño,1.8592,0.1501,ES,alto,0.7500,Salamanca
Salamanca,2026-09-05,0.8080,-0.1415,0.7379,-0.1101,3.5590,-1.8690,2.3861,-2.2630,1.1830,-0.3638,1.1027,-0.4481,7.5220,-7.0501,1.9302,-5.3474,12.6940,-11.9776,4.1591,-11.6558,20.4500,48.8000,1019.7500,0.0000,0.0000,32.4000,24.2400,1580.8000,-0.6933,-1.3333,-2.6000,248,2026,-0.9021,-0.4315,40.9701,-5.6635,otoño,1.8230,0.1853,ES,alto,0.7500,Salamanca
Salamanca,2026-09-06,1.3510,-0.7870,0.9070,-0.5049,5.1460,-0.6408,4.9989,0.2452,2.8540,-1.2565,2.3754,-0.7008,4.0780,2.0908,3.2934,3.0619,5.8900,-5.4969,1.5863,-4.5472,19.8700,54.5000,1021.2700,0.0000,0.0000,65.4000,19.9500,1581.0000,-5.1500,0.9667,-0.4000,249,2026,-0.9094,-0.4159,40.9701,-5.6635,otoño,1.7571,0.1638,ES,alto,0.7500,Salamanca
Salamanca,2026-09-07,1.1920,-0.4986,0.9812,-0.3141,4.3360,0.8188,4.2201,0.7586,2.2350,-0.4315,2.1139,-0.1464,3.7480,1.2236,3.1472,0.3899,6.3010,-3.4567,5.2000,-3.6345,17.4800,67.5000,1021.2400,0.0000,0.0000,67.4000,17.2800,1569.9000,-3.5867,0.2333,-2.6667,250,2026,-0.9164,-0.4002,40.9701,-5.6635,otoño,1.8198,0.1614,ES,alto,0.7500,Salamanca
Salamanca,2026-09-08,0.9490,0.0858,0.8911,-0.2500,3.5330,2.0789,2.6215,1.2212,1.0420,0.1467,0.9911,-0.1211,3.1670,1.6490,2.6476,1.8937,6.3870,0.0151,6.3463,-0.6836,17.4500,74.3000,1020.6100,0.0000,0.0000,84.8000,15.6400,1561.5000,-2.5600,-0.3000,-0.7333,251,2026,-0.9232,-0.3844,40.9701,-5.6635,otoño,1.7656,0.1728,ES,alto,0.7500,Salamanca
Salamanca,2026-09-09,0.7550,-0.3288,0.1562,0.1896,1.6610,0.9668,0.6829,2.4720,0.7360,-0.3211,0.1570,0.1500,1.6420,1.1499,1.0576,1.2375,4.7830,1.1860,4.6172,1.6583,15.4900,55.4000,1018.5500,0.0000,0.0000,0.1000,18.4400,1548.2000,1.8067,-2.5333,-1.3667,252,2026,-0.9296,-0.3685,40.9701,-5.6635,otoño,1.7931,0.2776,ES,muy alto,0.9000,Salamanca
Lisboa,2026-09-02,1.0040,0.6608,0.7160,0.6206,3.0030,2.6364,1.0236,2.7028,2.6380,-0.5096,2.1602,0.9561,4.6410,-4.2496,1.8239,-3.1087,7.6560,-7.3454,2.0312,-8.3857,21.7300,66.6000,1019.1200,0.0000,0.0000,0.0000,23.1300,1593.2000,,,,245,2026,-0.8786,-0.4775,38.7223,-9.1393,otoño,1.3899,0.1383,PT,moderado,0.5000,Lisboa
Lisboa,2026-09-03,1.5410,-1.3359,0.6212,-0.8747,4.3380,-3.2027,2.6756,-1.5712,5.5510,-4.2497,3.1010,-2.0383,8.2680,-6.8335,4.5236,-6.0423,12.1920,-12.0624,1.5284,-10.4450,25.1300,61.4000,1018.6500,0.0000,0.0000,84.0000,26.0700,1607.2000,3.1367,-0.1000,3.1000,246,2026,-0.8867,-0.4623,38.7223,-9.1393,otoño,1.3326,0.0754,PT,bajo,0.0000,Lisboa
Lisboa,2026-09-04,0.8850,0.3832,0.6965,0.7059,3.2190,1.8449,2.5170,2.0224,3.5700,2.7013,1.5612,0.9473,5.3200,-1.9808,4.7350,-2.9000,8.4620,-6.9665,4.4549,-9.5312,24.7300,62.0000,1017.2600,0.0000,0.0000,48.8000,23.3700,1584.0000,-2.5300,-1.2000,-0.1667,247,2026,-0.8945,-0.4470,38.7223,-9.1393,otoño,1.3568,0.1248,PT,moderado,0.5000,Lisboa
Lisboa,2026-09-05,1.2370,0.7568,0.8667,0.1665,3.6240,2.1920,2.8480,1.4800,4.7280,3.9570,2.1803,1.1618,5.2520,-1.2576,3.7812,-4.1975,9.1870,-8.7403,2.4011,-8.6440,21.8400,72.9000,1018.5100,0.0000,0.0000,11.9000,20.5200,1573.1000,-2.7133,0.3333,-3.2000,248,2026,-0.9021,-0.4315,38.7223,-9.1393,otoño,1.3178,0.1035,PT,moderado,0.5000,Lisboa
Lisboa,2026-09-06,3.0510,2.4025,1.8761,2.7282,7.7300,5.8079,5.0908,6.3752,9.3830,8.4671,4.0199,7.5065,4.2800,1.6105,3.8014,1.3981,3.3520,-1.1317,3.1307,-1.5866,20.2400,85.3000,1021.6700,0.0000,0.0000,66.0000,19.2700,1589.4000,-2.2300,3.6333,-2.7667,249,2026,-0.9094,-0.4159,38.7223,-9.1393,otoño,1.5698,0.1418,PT,moderado,0.5000,Lisboa
Lisboa,2026-09-07,3.6440,2.7448,2.3837,3.1057,7.9870,5.7841,5.4896,6.1753,12.8880,8.2693,7.0718,10.9161,7.3180,4.6352,4.2842,5.6704,4.6750,0.9633,4.5725,0.7476,19.2300,80.6000,1021.9200,0.0000,0.0000,64.4000,18.9700,1585.5250,-0.7967,0.5333,-0.6000,250,2026,-0.9164,-0.4002,38.7223,-9.1393,otoño,1.5294,0.2248,PT,alto,0.7500,Lisboa
Lisboa,2026-09-08,2.0970,1.3241,1.6238,1.7436,6.5800,4.5738,4.7267,5.2088,10.4590,8.5124,6.0690,9.7146,6.0070,4.1468,4.3330,4.9213,6.9380,1.0676,6.8093,1.8192,21.3600,88.4000,1020.4100,0.0000,0.0000,74.2000,16.9600,1575.6000,-2.4400,-1.0667,1.7333,251,2026,-0.9232,-0.3844,38.7223,-9.1393,otoño,1.5277,0.1896,PT,alto,0.7500,Lisboa
Lisboa,2026-09-09,0.9220,0.2454,0.8782,0.4110,3.7960,2.1301,3.1341,2.4240,8.6680,6.4700,5.6237,6.0839,4.0610,2.2096,3.3856,2.5518,3.9850,1.9608,3.4235,2.1546,18.4500,68.1000,1018.4100,0.0000,0.0000,14.1000,18.2900,1551.8000,0.7900,-2.3333,-2.0000,252,2026,-0.9296,-0.3685,38.7223,-9.1393,otoño,1.5155,0.3466,PT,muy alto,0.9000,Lisboa
Porto,2026-09-02,0.7680,0.4114,0.6312,0.3973,1.5350,1.2654,0.7457,1.6568,3.1140,2.2955,1.4967,3.6812,4.3620,-2.4750,3.5580,-1.7400,4.0670,-4.0255,0.4802,-3.2881,19.1600,91.7000,1020.0000,0.0000,0.0000,27.3000,20.4400,1595.3000,,,,245,2026,-0.8786,-0.4775,41.1579,-8.6291,otoño,1.4605,0.3154,PT,muy alto,0.9000,Porto
Porto,2026-09-03,0.9150,0.8085,0.3591,0.8708,2.4680,2.2493,0.8743,2.5225,2.0300,-1.6539,0.9551,-2.1865,6.0430,-5.8238,1.3488,-5.4786,12.6480,-12.2643,2.2770,-11.1540,20.7700,86.9000,1019.0400,0.0000,0.0000,56.3000,24.3700,1602.9000,4.6700,-0.1333,1.9333,246,2026,-0.8867,-0.4623,41.1579,-8.6291,otoño,1.4804,0.1270,PT,moderado,0.5000,Porto
Porto,2026-09-04,0.5000,-0.0411,0.3347,-0.4664,1.1850,0.5307,0.9842,0.3888,3.7780,-3.5070,1.0350,-4.5771,6.9260,-6.7258,1.3230,-8.3213,13.8390,-13.0394,4.5502,-15.4400,19.5200,94.2000,1018.8500,0.0000,0.0000,80.0000,22.4900,1586.3000,-1.6767,-0.7000,-2.1000,247,2026,-0.8945,-0.4470,41.1579,-8.6291,otoño,1.3062,0.0426,PT,bajo,0.0000,Porto
Porto,2026-09-05,0.9220,-0.4800,0.7268,-0.3827,1.8620,-0.3382,1.7183,0.0067,3.3550,1.7607,2.5002,3.0511,3.6430,0.1161,3.3878,-0.9026,10.4790,-9.8601,3.2360,-10.9119,19.4100,92.3000,1018.7100,0.1000,0.0000,68.8000,19.9400,1570.6000,-2.7933,-1.4333,-0.0667,248,2026,-0.9021,-0.4315,41.1579,-8.6291,otoño,1.3475,0.0997,PT,moderado,0.5000,Porto
Porto,2026-09-06,0.8010,0.4222,0.6413,0.6878,2.9750,2.0577,2.1324,2.7278,7.1050,5.1573,4.8613,5.9632,5.2540,0.6209,5.0350,0.9848,6.9840,-3.4062,5.9943,-1.8245,18.5100,94.0000,1022.4900,0.0000,0.0000,83.7000,16.6700,1583.5000,-3.8967,4.8667,-1.2667,249,2026,-0.9094,-0.4159,41.1579,-8.6291,otoño,1.4197,0.1375,PT,moderado,0.5000,Porto
Porto,2026-09-07,1.2020,0.7048,0.9573,1.0338,4.4570,3.0516,3.2328,4.0415,7.6580,5.8633,4.9065,5.8566,8.0810,5.0412,6.1711,5.9997,6.5300,-0.9291,6.2496,0.0201,17.5000,90.9000,1022.5200,0.0000,0.0000,91.4000,16.8100,1580.4000,-0.6900,0.3333,-0.9667,250,2026,-0.9164,-0.4002,41.1579,-8.6291,otoño,1.3298,0.1612,PT,alto,0.7500,Porto
Porto,2026-09-08,1.2460,0.6690,1.0357,0.7053,2.6010,2.0223,1.4387,2.2124,3.0950,2.1478,2.1846,2.4677,6.1660,1.5089,5.8758,1.2186,6.0370,1.2550,5.8991,1.7836,19.2900,97.8000,1020.9000,0.0000,0.0000,91.2000,15.1400,1565.3000,-2.4933,-1.4667,1.8667,251,2026,-0.9232,-0.3844,41.1579,-8.6291,otoño,1.2511,0.1110,PT,moderado,0.5000,Porto
Porto,2026-09-09,1.2240,0.9756,0.6487,1.0981,2.1120,1.5843,1.1986,1.6398,3.4580,2.8164,1.9638,2.2455,2.6260,2.0578,1.6264,2.4454,3.9040,1.6481,3.5257,2.0381,16.2400,88.1000,1019.0100,0.0000,0.0000,69.2000,19.1200,1550.1000,4.6533,-2.2667,-2.9000,252,2026,-0.9296,-0.3685,41.1579,-8.6291,otoño,1.4683,0.2972,PT,muy alto,0.9000,Porto
Coimbra,2026-09-02,0.7860,-0.3335,0.6502,-0.5339,1.0690,0.5916,0.8700,0.1653,3.3800,0.0286,2.0879,2.6090,5.3090,-3.7764,3.1294,-1.3869,5.6430,-5.5068,0.9096,-4.7758,18.7300,88.7000,1020.1200,0.0000,0.0000,21.1000,21.8500,1595.0000,,,,245,2026,-0.8786,-0.4775,40.2033,-8.4103,otoño,2.0370,0.1575,PT,alto,0.7500,Coimbra
Coimbra,2026-09-03,0.9930,-0.1940,0.8857,0.0331,1.4650,0.7836,0.8753,0.8663,3.5940,-1.0198,2.9744,0.8739,8.1270,-7.5487,2.7889,-7.2229,12.2090,-12.0866,1.3642,-9.6640,22.7500,78.0000,1018.7500,0.0000,0.0000,77.5000,25.5300,1605.9000,4.0967,-0.8000,4.7000,246,2026,-0.8867,-0.4623,40.2033,-8.4103,otoño,2.0487,0.0712,PT,bajo,0.0000,Coimbra
Coimbra,2026-09-04,0.7550,-0.1069,0.6305,-0.4900,1.2940,0.3798,0.9327,-0.3047,2.0520,0.9555,1.4019,-0.1502,2.4160,-2.1804,0.4733,-3.3814,11.7880,-10.0869,5.6340,-12.4455,20.9100,87.3000,1018.8500,0.0000,0.0000,77.9000,22.8400,1587.4000,-2.8267,0.0333,-2.8333,247,2026,-0.8945,-0.4470,40.2033,-8.4103,otoño,2.0487,0.0977,PT,moderado,0.5000,Coimbra
Coimbra,2026-09-05,0.8320,-0.3932,0.6847,-0.3540,1.6240,-0.3368,1.5387,-0.2250,4.9200,2.9915,3.8687,1.9158,5.4810,-1.8354,2.6569,-6.8291,13.6460,-12.7083,4.6478,-13.6810,19.8700,88.0000,1019.0900,0.2000,0.1000,69.1000,20.4600,1571.6000,-2.5400,-1.1333,-1.2000,248,2026,-0.9021,-0.4315,40.2033,-8.4103,otoño,1.9410,0.1374,PT,moderado,0.5000,Coimbra
Coimbra,2026-09-06,0.9770,0.1367,0.9278,0.3555,2.5090,1.8823,1.5039,2.5143,10.0120,7.7359,6.3318,6.8231,5.2600,2.6253,4.4452,1.6234,4.0610,-1.5797,3.7284,-1.2709,18.5200,92.7000,1022.4700,0.0000,0.0000,91.4000,18.7100,1584.8000,-2.6900,4.2333,-2.1667,249,2026,-0.9094,-0.4159,40.2033,-8.4103,otoño,2.1654,0.1304,PT,moderado,0.5000,Coimbra
Coimbra,2026-09-07,1.6760,0.8956,1.4156,1.1354,3.9340,2.6710,2.8854,3.5143,10.8360,8.6235,6.5455,8.6521,9.4210,7.3481,5.8712,7.2601,4.9500,0.1088,4.6850,1.8891,18.2100,88.9000,1022.5700,0.0000,0.0000,91.9000,18.6100,1579.1000,-0.5900,0.5000,-0.8333,250,2026,-0.9164,-0.4002,40.2033,-8.4103,otoño,2.0206,0.1906,PT,alto,0.7500,Coimbra
Coimbra,2026-09-08,1.0630,0.3102,1.0009,0.2187,2.5950,1.2170,2.2787,1.3173,5.9330,4.2217,4.1562,4.8000,7.2160,2.9190,6.3361,4.1261,8.2960,0.2443,8.2555,1.0997,20.2600,98.1000,1020.7300,0.0000,0.0000,94.7000,15.7100,1568.0000,-3.2567,-1.6667,2.0333,251,2026,-0.9232,-0.3844,40.2033,-8.4103,otoño,2.0036,0.1441,PT,moderado,0.5000,Coimbra
Coimbra,2026-09-09,0.7230,0.3510,0.5712,0.1956,1.6910,1.1893,0.9175,1.0082,5.6810,4.5292,3.1231,4.3395,2.9000,2.7595,0.7631,3.2938,3.1890,2.3660,2.1155,2.5473,16.4400,90.7000,1019.0300,0.0000,0.0000,83.0000,19.8600,1549.8000,4.0267,-2.0000,-3.4667,252,2026,-0.9296,-0.3685,40.2033,-8.4103,otoño,2.2013,0.3008,PT,muy alto,0.9000,Coimbra
Faro,2026-09-02,1.1350,0.7321,0.5311,0.3652,3.2780,2.0079,2.5272,0.8323,7.7280,2.1543,7.2025,3.3849,5.6710,-0.2835,5.5137,1.1171,5.5060,-4.9323,2.1915,-6.2286,22.8500,76.9000,1017.6300,0.0000,0.0000,14.9000,25.5300,1594.8000,,,,245,2026,-0.8786,-0.4775,37.0194,-7.9304,otoño,1.4666,0.2827,PT,muy alto,0.9000,Faro
Faro,2026-09-03,0.8890,0.1014,0.6336,-0.5191,1.8030,-0.1691,1.7307,-0.6198,3.3430,-1.1937,3.1066,-1.1630,4.8420,0.6382,4.3793,2.1785,4.3970,-3.2624,2.8631,-3.5204,22.6500,82.3000,1019.0600,0.0000,0.0000,57.4000,27.0900,1611.7000,1.8567,1.7667,1.1667,246,2026,-0.8867,-0.4623,37.0194,-7.9304,otoño,1.4824,0.1252,PT,moderado,0.5000,Faro
Faro,2026-09-04,1.2190,-0.3790,0.9126,-1.2007,2.2530,-0.4722,2.1511,-1.3035,5.2480,1.3682,4.4718,3.4520,6.1650,-2.0517,5.1160,0.5357,6.6510,-5.8147,2.7999,-3.7027,21.4800,84.4000,1016.2300,0.0000,0.0000,78.7000,24.5900,1584.2000,-2.7767,-2.6667,-1.3000,247,2026,-0.8945,-0.4470,37.0194,-7.9304,otoño,1.4732,0.1084,PT,moderado,0.5000,Faro
Faro,2026-09-05,1.0870,0.9564,0.4255,1.0218,1.4570,-0.2382,1.4048,-0.1661,5.5850,-3.6549,4.1801,-2.5589,5.4620,-5.0394,1.9078,-4.4710,10.8470,-10.7451,1.2733,-9.9064,22.3900,82.5000,1017.6000,0.0000,0.0000,0.0000,24.2900,1582.3000,-0.2767,0.9000,1.4333,248,2026,-0.9021,-0.4315,37.0194,-7.9304,otoño,1.2968,0.0237,PT,bajo,0.0000,Faro
Faro,2026-09-06,1.3020,-0.2297,1.2751,-0.1273,4.4610,3.3694,2.8003,4.5230,2.7840,2.0557,1.0208,4.6278,2.1310,-1.2182,1.4466,-1.0080,7.0860,-6.1504,3.5065,-6.4073,22.9700,64.9000,1018.5400,0.0000,0.0000,2.4000,21.2800,1589.7000,-3.3200,0.8667,-0.0333,249,2026,-0.9094,-0.4159,37.0194,-7.9304,otoño,1.4227,0.1888,PT,alto,0.7500,Faro
Faro,2026-09-07,2.0860,-0.3229,2.0348,-0.3842,3.4470,1.5087,3.0320,2.5657,5.3100,3.9250,3.5283,3.0295,4.3140,0.3286,3.9917,1.8161,6.7810,-2.7046,6.2086,-2.4557,22.2400,58.8000,1018.9900,0.0000,0.0000,3.0000,20.2700,1585.4750,-1.3633,0.5000,1.2667,250,2026,-0.9164,-0.4002,37.0194,-7.9304,otoño,1.4289,0.3051,PT,muy alto,0.9000,Faro
Faro,2026-09-08,2.0950,0.6979,1.9288,1.0738,6.0480,4.3943,4.1203,4.9176,4.7300,4.3676,1.7365,3.4238,2.8420,0.8880,2.6738,0.7112,5.5790,0.1141,5.5592,-0.2812,23.6400,69.9000,1017.9700,0.0000,0.0000,7.5000,19.2200,1572.4000,-1.5133,-0.7667,0.9333,251,2026,-0.9232,-0.3844,37.0194,-7.9304,otoño,1.3990,0.1887,PT,alto,0.7500,Faro
Faro,2026-09-09,1.5310,-0.0938,1.4827,-0.1074,3.7920,2.2819,2.9773,2.6648,3.0460,1.1927,2.6070,0.6798,4.5190,-2.6476,3.5577,-3.0440,4.4600,-0.0669,4.4209,0.5123,22.0400,54.7000,1016.5500,0.0000,0.0000,8.4000,18.7200,1553.7000,-0.9133,-1.6000,-0.5333,252,2026,-0.9296,-0.3685,37.0194,-7.9304,otoño,1.3662,0.1601,PT,alto,0.7500,Faro
Toulouse,2026-09-02,1.4130,0.7862,1.1210,1.3176,4.4320,2.7126,3.3515,4.1493,4.6510,1.4579,4.3914,1.8809,8.1150,-2.7894,7.4162,-4.7247,9.7290,-1.0983,9.4591,-2.3658,22.4200,57.3000,1023.5600,0.0000,0.0000,15.6000,15.1900,1600.2000,,,,245,2026,-0.8786,-0.4775,43.6047,1.4442,otoño,1.1569,0.0990,FR,moderado,0.5000,Toulouse
Toulouse,2026-09-03,0.6540,-0.1094,0.2922,0.4296,1.5600,0.8995,0.7329,2.3522,1.5620,1.1571,0.6978,2.1465,2.2590,-0.8549,1.7869,-0.0800,2.6710,-1.0344,2.0728,0.0927,22.2700,56.8000,1021.5600,0.0000,0.0000,0.0000,21.6100,1599.6000,5.7100,-0.3667,0.9000,246,2026,-0.8867,-0.4623,43.6047,1.4442,otoño,1.0542,0.1114,FR,moderado,0.5000,Toulouse
Toulouse,2026-09-04,0.7990,-0.3988,0.1992,0.2947,2.3050,-0.1424,1.3427,1.3938,3.5400,0.5133,3.3881,1.3607,7.3230,-0.9398,7.1264,0.4520,12.8370,1.6316,12.6792,2.9033,24.8900,49.9000,1020.1600,0.0000,0.0000,0.0000,21.7300,1600.2000,0.9300,-2.8333,3.0333,247,2026,-0.8945,-0.4470,43.6047,1.4442,otoño,1.0389,0.1079,FR,moderado,0.5000,Toulouse
Toulouse,2026-09-05,1.0720,0.4377,0.9012,0.5583,3.9620,0.7138,3.6383,1.4804,4.2190,-0.5781,4.0262,0.1117,1.1650,-0.3664,0.7415,-0.3182,6.6600,-0.5690,6.5864,-0.0934,23.7800,53.7000,1019.2600,0.0000,0.0000,16.6000,23.9900,1603.5000,1.8233,0.2667,-1.0333,248,2026,-0.9021,-0.4315,43.6047,1.4442,otoño,1.2628,0.2242,FR,muy alto,0.9000,Toulouse
Toulouse,2026-09-06,2.7560,-1.5807,2.1999,-1.8087,6.3540,-3.2060,5.3710,-3.9027,2.9930,0.0017,2.7587,-1.6629,4.1870,-2.1975,3.1595,-1.8404,7.6850,-7.6742,0.3417,-4.7932,24.4300,65.0000,1019.8900,0.0000,0.0000,80.2000,23.3000,1590.5000,-0.1333,-2.2000,0.4667,249,2026,-0.9094,-0.4159,43.6047,1.4442,otoño,1.2816,0.1458,FR,alto,0.7500,Toulouse
Toulouse,2026-09-07,2.5770,-0.8822,2.3533,-1.1527,6.0590,-1.9114,5.6500,-3.1636,6.7260,1.1271,6.4175,-1.1201,3.8190,-1.4325,3.2303,0.1287,9.7950,-8.9929,3.8457,-8.3273,23.5200,66.4000,1019.4900,0.0000,0.0000,94.5000,15.0800,1566.5750,-9.7533,1.1667,-2.1333,250,2026,-0.9164,-0.4002,43.6047,1.4442,otoño,1.1543,0.1813,FR,alto,0.7500,Toulouse
Toulouse,2026-09-08,3.0570,0.4992,2.9400,0.9329,6.1020,1.3913,5.8478,2.2145,7.3390,2.1182,7.0003,1.1934,10.2940,-0.1709,10.2766,-0.3620,15.2420,-6.9050,13.5181,-5.7556,18.1400,81.3000,1020.2400,0.6000,0.3000,84.8000,10.0300,1542.8000,-6.3700,1.5000,-7.2667,251,2026,-0.9232,-0.3844,43.6047,1.4442,otoño,1.1438,0.0989,FR,moderado,0.5000,Toulouse
Toulouse,2026-09-09,1.1450,0.1424,1.0314,0.6037,4.0760,2.0424,3.4558,3.1698,4.1860,1.1893,3.9105,2.0070,7.5660,-1.1388,7.3817,-1.6191,12.2320,-0.1745,12.2266,-0.1918,15.3400,55.9000,1018.6200,0.0000,0.0000,73.7000,9.4300,1525.5000,-1.3367,-1.0667,-2.0333,252,2026,-0.9296,-0.3685,43.6047,1.4442,otoño,1.1309,0.1351,FR,alto,0.7500,Toulouse
Montpellier,2026-09-02,1.7890,0.2204,1.7333,0.2420,5.5200,1.2893,5.2831,1.7500,5.8180,4.8243,2.8725,7.0232,3.8480,1.3763,3.2307,2.8416,13.0150,-0.7231,12.8083,-2.7519,24.0400,36.4000,1020.2100,0.0000,0.0000,60.3000,17.5100,1585.9000,,,,245,2026,-0.8786,-0.4775,43.6108,3.8767,otoño,1.8540,0.1635,FR,alto,0.7500,Montpellier
Montpellier,2026-09-03,1.2260,0.6279,0.9573,0.8755,3.1430,2.6596,1.4151,4.1101,4.0410,3.1836,1.8596,5.5121,4.2680,1.8682,3.8002,2.1043,4.7540,2.2771,3.9801,3.3147,23.1100,49.3000,1019.8300,0.0000,0.0000,0.1000,21.0900,1595.0000,1.7233,0.9000,-0.5667,246,2026,-0.8867,-0.4623,43.6108,3.8767,otoño,1.8025,0.0975,FR,moderado,0.5000,Montpellier
Montpellier,2026-09-04,1.2170,0.2277,0.6736,0.0135,3.1300,0.7973,0.5271,-1.5336,5.7940,2.7243,4.6666,2.4329,7.2000,2.9578,6.0517,0.1719,11.5520,2.4481,11.1353,1.6874,21.1800,72.2000,1018.5400,0.0000,0.0000,0.0000,22.8400,1589.2000,2.1733,-1.9000,-2.4000,247,2026,-0.8945,-0.4470,43.6108,3.8767,otoño,1.9425,0.1343,FR,moderado,0.5000,Montpellier
Montpellier,2026-09-05,1.5640,0.9972,1.1512,0.9225,6.4170,5.6213,1.6164,4.5821,4.5150,3.1892,2.3386,5.7020,6.8620,3.5224,5.8822,3.2591,15.3180,6.2553,13.8728,6.1023,25.3600,48.0000,1019.4100,0.0000,0.0000,9.1000,22.9300,1598.8000,0.0633,1.6667,2.1000,248,2026,-0.9021,-0.4315,43.6108,3.8767,otoño,1.7133,0.0966,FR,moderado,0.5000,Montpellier
Montpellier,2026-09-06,0.9550,0.3008,0.6881,0.3629,1.0100,0.0144,0.5749,-0.5932,6.1160,-3.6938,4.8666,-3.7510,1.3600,-0.6672,1.1018,-0.3624,3.4070,-2.2585,2.2172,-0.3682,22.9000,92.1000,1020.4500,0.3000,0.0000,90.1000,23.2200,1597.6000,0.5200,0.6000,-2.3333,249,2026,-0.9094,-0.4159,43.6108,3.8767,otoño,1.7717,0.1864,FR,alto,0.7500,Montpellier
Montpellier,2026-09-07,0.5430,-0.4896,0.2120,-0.6154,2.2820,-2.1837,0.5897,-2.3694,3.3810,-1.4044,2.7119,-1.4553,4.6320,-3.5701,2.2847,-5.1114,7.8380,-6.4232,4.3811,-5.0789,22.8300,92.4000,1017.9500,0.0000,0.0000,71.1000,18.8400,1564.2000,-4.9600,-1.6667,-0.8667,250,2026,-0.9164,-0.4002,43.6108,3.8767,otoño,1.4454,0.0671,FR,bajo,0.0000,Montpellier
Montpellier,2026-09-08,2.8520,-0.2000,2.8206,-0.2706,6.7470,1.4389,6.5583,1.8607,8.7900,7.1309,4.9103,8.3281,11.4700,6.3387,9.1156,7.5198,14.9480,-4.1925,14.3140,-3.6030,20.5400,57.1000,1016.1200,0.0000,0.0000,45.3000,12.7800,1525.5000,-7.8200,-2.8667,-0.5333,251,2026,-0.9232,-0.3844,43.6108,3.8767,otoño,1.8588,0.1857,FR,alto,0.7500,Montpellier
Montpellier,2026-09-09,2.4370,1.4621,1.5324,3.0380,6.6540,4.5196,3.8398,9.2119,8.3280,7.0532,4.3648,9.8988,7.7750,3.5530,6.9016,4.0252,11.0930,3.4269,10.4440,4.6730,17.5800,40.1000,1015.8500,0.0000,0.0000,69.9000,11.7100,1512.8000,-2.2900,0.0333,-1.6333,252,2026,-0.9296,-0.3685,43.6108,3.8767,otoño,1.8072,0.1420,FR,alto,0.7500,Montpellier
Bordeaux,2026-09-02,1.2100,0.8672,0.8342,1.0211,4.2733,3.5637,2.1872,3.9019,2.9100,1.2154,2.5324,0.7501,5.0878,-0.4569,4.9513,-1.2482,7.4922,1.7447,7.2193,1.8977,17.2556,82.4444,1024.9667,0.0000,0.0000,1.0000,16.2222,1597.2222,,,,245,2026,-0.8786,-0.4775,44.8378,-0.5792,otoño,1.0782,0.1602,FR,alto,0.7500,Bordeaux
Bordeaux,2026-09-03,0.9889,0.7989,0.5228,1.0267,3.8667,2.7106,2.0685,4.2877,3.1844,-0.4447,1.9274,1.4826,2.2189,-1.8867,0.8361,-1.0123,3.8944,-2.8424,2.2073,-2.0365,21.1222,69.7778,1021.3556,0.0000,0.0000,0.1111,21.0222,1595.0000,4.0889,-2.0667,3.6333,246,2026,-0.8867,-0.4623,44.8378,-0.5792,otoño,1.1360,0.2741,FR,muy alto,0.9000,Bordeaux
Bordeaux,2026-09-04,1.8967,1.1924,1.4467,1.4012,5.3156,4.1040,3.3410,4.6152,4.1711,0.3252,4.0853,0.6303,8.5933,-3.9108,7.6143,-3.5690,17.4911,-6.9402,16.0392,-7.3194,20.1222,78.1111,1021.5222,0.0000,0.0000,16.0000,20.6778,1593.4444,-0.2889,-1.4000,0.1000,247,2026,-0.8945,-0.4470,44.8378,-0.5792,otoño,0.9074,0.0666,FR,moderado,0.5000,Bordeaux
Bordeaux,2026-09-05,1.5730,1.1789,0.9362,1.2742,6.8440,2.5049,6.1540,3.7344,7.9240,-4.3374,6.2003,-2.8649,4.3630,-4.0439,1.2280,-2.9825,10.6090,-8.3110,6.3887,-6.8680,24.6000,45.5000,1018.0000,0.0000,0.0000,48.0000,24.2100,1594.0000,3.0100,-1.7667,3.9000,248,2026,-0.9021,-0.4315,44.8378,-0.5792,otoño,0.9548,0.0604,FR,moderado,0.5000,Bordeaux
Bordeaux,2026-09-06,2.2750,-0.5351,2.2075,-0.7047,5.1540,-0.7084,5.1012,-1.0260,5.9460,-0.1520,5.8466,0.6923,3.7740,-3.1891,1.6222,-3.6348,12.2400,-11.9476,2.3884,-11.1179,21.5300,85.3000,1020.2100,0.0000,0.0000,74.6000,20.3400,1582.8000,-3.1600,-0.1000,-4.2000,249,2026,-0.9094,-0.4159,44.8378,-0.5792,otoño,1.0310,0.2331,FR,muy alto,0.9000,Bordeaux
Bordeaux,2026-09-07,1.8764,-0.4893,1.7462,-0.4936,5.1782,-0.6209,5.0636,-0.2308,7.3955,-1.8691,7.0792,-0.3352,9.1945,-6.4388,6.2889,-6.0820,14.7145,-13.2393,6.0996,-12.5925,20.3909,86.4545,1019.9727,0.0000,0.0000,96.1818,13.3182,1555.7500,-9.2152,1.4333,-2.0000,250,2026,-0.9164,-0.4002,44.8378,-0.5792,otoño,0.9414,0.0926,FR,moderado,0.5000,Bordeaux
Bordeaux,2026-09-08,1.5282,0.2549,1.4423,0.8376,5.6991,3.1035,4.7572,4.0855,7.6336,3.4235,6.7653,1.9613,8.6955,-0.4849,8.2746,-2.8247,14.9282,-3.8190,14.1374,-6.3352,15.5636,79.9091,1021.5636,0.0000,0.0000,55.1818,7.4273,1540.4545,-7.5727,0.7667,-3.6333,251,2026,-0.9232,-0.3844,44.8378,-0.5792,otoño,0.9790,0.0649,FR,moderado,0.5000,Bordeaux
Bordeaux,2026-09-09,0.7300,0.3691,0.4527,0.8556,2.2909,1.3743,0.8565,3.1179,3.1773,-1.7596,1.6983,0.5298,6.6855,-3.6287,5.1471,-4.6824,14.0355,-0.2783,13.9604,0.4624,16.8909,64.2727,1018.5727,0.0000,0.0000,94.0000,9.4364,1521.3636,-0.2303,-1.3667,0.5667,252,2026,-0.9296,-0.3685,44.8378,-0.5792,otoño,0.9565,0.0773,FR,moderado,0.5000,Bordeaux
Marseille,2026-09-02,1.9660,-0.1467,1.4558,-1.5355,3.7970,0.8562,3.3856,-0.9534,8.8330,4.0182,7.5344,1.0904,9.2050,2.2158,8.7657,0.4233,10.1100,1.8442,9.7802,0.6319,25.1700,60.6000,1018.7900,0.0000,0.0000,81.4000,18.7200,1577.3000,,,,245,2026,-0.8786,-0.4775,43.2965,5.3698,otoño,1.8876,0.1903,FR,alto,0.7500,Marseille
Marseille,2026-09-03,1.7060,-0.1017,1.4789,-0.6500,2.0680,0.7633,1.7686,0.4977,4.5380,3.2685,2.9340,4.1574,5.9900,3.6483,4.7172,4.2032,5.5840,4.0995,3.4171,5.8459,25.9800,48.9000,1018.6400,0.0000,0.0000,55.3000,22.1300,1590.2000,3.2633,0.1333,0.2000,246,2026,-0.8867,-0.4623,43.2965,5.3698,otoño,1.9770,0.0890,FR,moderado,0.5000,Marseille
Marseille,2026-09-04,1.2460,0.6229,0.9307,0.6377,1.5120,0.5376,1.0126,0.2687,6.2840,0.2690,4.7927,-2.5586,8.8070,2.3093,8.4173,0.5821,9.1210,-0.4430,8.5564,-2.8429,24.5900,75.1000,1018.7200,0.0000,0.0000,5.3000,22.7900,1588.2000,1.0233,0.0333,-2.4667,247,2026,-0.8945,-0.4470,43.2965,5.3698,otoño,1.6391,0.0580,FR,bajo,0.0000,Marseille
Marseille,2026-09-05,2.0200,1.1932,1.3350,1.2330,5.6420,3.4505,4.3187,2.5262,12.5680,8.5397,9.2016,9.6616,12.0490,5.8227,10.4379,4.6645,19.8760,9.7198,17.2459,9.7077,27.1200,30.8000,1018.5000,0.0000,0.0000,40.0000,22.4900,1594.3000,-0.6433,-0.2333,5.4000,248,2026,-0.9021,-0.4315,43.2965,5.3698,otoño,1.7234,0.0621,FR,bajo,0.0000,Marseille
Marseille,2026-09-06,1.7470,0.8786,1.3263,0.2867,2.4420,1.6338,1.6929,1.5826,2.3290,0.3340,2.2307,0.4114,3.7590,3.2299,1.6901,4.6637,9.2290,6.6367,6.3312,7.9113,24.7700,85.9000,1019.9100,0.0000,0.0000,9.9000,22.7700,1597.2000,0.0700,1.4333,-4.4000,249,2026,-0.9094,-0.4159,43.2965,5.3698,otoño,1.8396,0.1063,FR,moderado,0.5000,Marseille
Marseille,2026-09-07,1.0570,0.6307,0.4031,-0.0685,2.5150,1.0749,1.5141,-0.5901,3.2010,-1.2983,2.8082,-1.8061,5.8720,-4.1108,2.8415,-2.0199,7.4640,-5.0727,5.2974,-4.2594,24.2100,59.7000,1019.9600,0.0000,0.0000,2.1000,20.4800,1569.1000,-2.3533,0.4667,-0.3667,250,2026,-0.9164,-0.4002,43.2965,5.3698,otoño,1.6994,0.0382,FR,bajo,0.0000,Marseille
Marseille,2026-09-08,1.4300,0.2274,1.3773,0.2431,3.6850,-0.4643,3.5289,-1.1531,14.4770,10.2208,10.2317,8.5126,15.4080,6.6604,13.8534,5.5059,16.2700,-3.9455,15.7372,-3.6492,23.8300,75.9000,1014.9200,0.0000,0.0000,54.1000,14.6300,1511.2000,-5.6033,-4.4333,-0.2333,251,2026,-0.9232,-0.3844,43.2965,5.3698,otoño,2.1013,0.1633,FR,alto,0.7500,Marseille
Marseille,2026-09-09,4.9630,0.3033,4.8692,-0.5018,8.2640,1.0717,8.0541,-0.2573,9.6490,7.7073,5.1823,11.7190,7.9480,5.3170,5.8140,7.7600,10.5600,5.8318,8.6776,8.0043,23.7800,55.0000,1010.9900,0.0000,0.0000,51.9000,15.4900,1495.8000,-0.3433,-6.0333,0.5667,252,2026,-0.9296,-0.3685,43.2965,5.3698,otoño,2.3736,0.2236,FR,muy alto,0.9000,Marseille
Nice,2026-09-02,1.7750,1.5131,0.9025,1.1932,1.4220,1.2438,0.6446,1.0459,1.8570,1.3694,0.9927,1.6492,4.7040,1.5676,4.0588,1.9236,6.0590,1.3963,5.7630,2.9199,22.6400,76.7000,1017.9700,0.0000,0.0000,31.4000,18.8500,1565.7000,,,,245,2026,-0.8786,-0.4775,43.7102,7.2620,otoño,1.2070,0.0686,FR,moderado,0.5000,Nice
Nice,2026-09-03,2.2130,1.6835,1.4250,1.6059,2.2240,1.6181,1.4834,1.2759,1.0690,-0.1135,1.0345,-0.1805,2.0490,-0.2297,1.3260,1.2063,4.6500,2.9979,3.0899,4.4366,23.8800,74.0000,1018.7100,0.0000,0.0000,18.0000,20.2500,1581.6000,0.6500,1.3000,0.2333,246,2026,-0.8867,-0.4623,43.7102,7.2620,otoño,1.1790,0.0827,FR,moderado,0.5000,Nice
Nice,2026-09-04,1.6510,1.4891,0.6995,1.2990,0.7400,0.4472,0.5715,0.1091,2.5180,-0.4400,2.1562,-1.5839,7.1270,-1.4340,6.9450,-1.9920,9.4170,-3.5256,8.6917,-2.8900,22.4200,85.9000,1017.8000,0.0000,0.0000,8.7000,22.0100,1571.3000,2.1433,-0.7000,-0.6000,247,2026,-0.8945,-0.4470,43.7102,7.2620,otoño,0.9853,0.0178,FR,bajo,0.0000,Nice
Nice,2026-09-05,1.1620,1.0195,0.4363,0.8074,1.3630,0.9587,0.9509,0.6923,1.9930,1.6235,0.9313,0.7463,2.9760,1.7580,2.2326,1.7956,1.7760,-0.7725,0.8470,-0.4075,24.1200,89.4000,1018.8300,0.0000,0.0000,55.2000,22.0800,1579.5000,0.7800,0.2333,0.6333,248,2026,-0.9021,-0.4315,43.7102,7.2620,otoño,1.0218,0.0660,FR,moderado,0.5000,Nice
Nice,2026-09-06,1.3760,1.1631,0.6829,1.1209,1.2540,1.1628,0.4350,0.9979,3.7150,2.6195,2.5987,3.1938,4.5950,2.4864,3.8552,2.4804,2.1650,1.7754,1.1006,2.4472,24.4900,81.6000,1020.3300,0.0000,0.0000,2.2000,19.6600,1597.1000,-3.1067,1.8667,0.2333,249,2026,-0.9094,-0.4159,43.7102,7.2620,otoño,1.0927,0.0972,FR,alto,0.7500,Nice
Nice,2026-09-07,1.4520,0.7643,1.0407,0.2289,1.3600,0.2627,1.2262,-0.2156,1.3220,-1.0128,0.8149,-0.5274,2.1620,-1.5671,1.2094,-0.2243,6.5590,0.2613,6.1273,2.9567,24.5300,78.4000,1017.3900,0.0000,0.0000,57.2000,18.6700,1569.3000,-1.5300,-2.0333,0.5333,250,2026,-0.9164,-0.4002,43.7102,7.2620,otoño,1.0122,0.0364,FR,bajo,0.0000,Nice
Nice,2026-09-08,1.7850,1.4917,0.9160,1.3958,1.5820,1.0465,0.7729,0.3889,2.4690,-0.7988,2.1902,-2.2037,4.7180,-1.2837,4.4975,-1.8514,12.7750,-7.6238,10.2087,-9.1304,23.4200,74.8000,1009.2000,0.0000,0.0000,71.6000,18.1000,1488.4000,-0.9333,-7.8000,-1.0333,251,2026,-0.9232,-0.3844,43.7102,7.2620,otoño,1.2373,0.0249,FR,bajo,0.0000,Nice
Nice,2026-09-09,2.2250,1.5218,1.6209,1.3588,1.9790,1.3053,1.4476,1.1602,1.9060,-1.8306,0.4046,-1.2069,1.9050,-1.5762,0.9975,-0.3495,7.2720,2.8796,6.4034,3.6438,22.7500,62.4000,1011.5100,0.0000,0.0000,59.0000,13.6200,1494.5000,-4.9800,-0.1333,-1.4000,252,2026,-0.9296,-0.3685,43.7102,7.2620,otoño,1.5713,0.0449,FR,bajo,0.0000,Nice
Lyon,2026-09-02,0.9250,0.5492,0.6305,1.0245,2.3970,1.7972,1.4931,3.2779,4.8530,3.8150,2.9637,4.2831,4.6160,1.7555,4.1844,0.9900,8.2860,1.2396,8.0402,0.2019,22.5600,51.3000,1022.4400,0.0000,0.0000,14.5000,13.5000,1586.0000,,,,245,2026,-0.8786,-0.4775,45.7640,4.8357,otoño,1.5127,0.1450,FR,alto,0.7500,Lyon
Lyon,2026-09-03,0.7480,0.2157,0.5594,0.4658,1.6460,0.9686,1.1566,1.8357,3.6230,2.8970,2.1288,4.1278,3.4880,0.6979,3.3801,1.3324,8.0070,2.1766,7.6070,3.3113,23.3300,51.2000,1022.2700,0.0000,0.0000,13.4000,17.7200,1593.4000,3.0867,1.0667,1.0667,246,2026,-0.8867,-0.4623,45.7640,4.8357,otoño,1.4269,0.0803,FR,moderado,0.5000,Lyon
Lyon,2026-09-04,1.0030,0.4733,0.8606,0.9357,2.7930,1.6348,2.1374,3.2873,4.6220,2.6492,3.7478,4.0246,4.1720,-0.6586,3.9535,-0.0387,12.8610,-5.3849,10.6192,-9.2715,26.1200,47.7000,1019.6800,0.0000,0.0000,7.8000,17.7700,1581.9000,0.7367,-4.4000,3.3667,247,2026,-0.8945,-0.4470,45.7640,4.8357,otoño,1.3681,0.0531,FR,bajo,0.0000,Lyon
Lyon,2026-09-05,1.4280,0.7243,1.1609,0.7120,4.1240,3.0029,2.6254,3.6723,3.1700,3.1312,0.3783,3.7362,3.1590,1.4060,2.4648,0.6362,11.0160,3.2569,10.5005,3.3782,21.9800,66.2000,1022.1900,0.0000,0.0000,40.6000,17.3300,1594.8000,-2.5700,3.9333,-4.7667,248,2026,-0.9021,-0.4315,45.7640,4.8357,otoño,1.5920,0.1489,FR,alto,0.7500,Lyon
Lyon,2026-09-06,0.5310,-0.1059,0.4491,-0.0764,3.8940,-2.0875,3.0676,-0.7311,6.6170,-5.9345,2.6154,-5.2908,3.3090,-2.5835,1.6264,-0.6209,4.9060,-0.1899,4.7698,0.0316,24.6100,55.3000,1018.9100,0.0000,0.0000,96.1000,23.2100,1591.3000,6.7767,-3.5667,2.7333,249,2026,-0.9094,-0.4159,45.7640,4.8357,otoño,1.5415,0.3526,FR,muy alto,0.9000,Lyon
Lyon,2026-09-07,1.7350,-1.3503,0.7583,-2.5881,5.6850,-4.8851,2.2725,-8.0931,7.3220,-5.4802,2.0327,-11.1506,8.0160,-7.2760,3.2120,-8.5147,10.3810,-9.3708,4.3591,-7.1277,25.8400,54.0000,1015.9700,0.5000,0.1000,64.4000,18.9200,1555.6000,-4.0467,-3.0667,1.4333,250,2026,-0.9164,-0.4002,45.7640,4.8357,otoño,1.1445,0.0393,FR,bajo,0.0000,Lyon
Lyon,2026-09-08,1.2390,0.8940,0.6596,1.2132,4.1950,3.3451,2.1010,3.6680,6.7780,4.9073,4.6461,4.1021,7.6840,3.4479,6.6018,2.0874,8.8320,-2.6751,7.9918,-5.6055,16.3400,76.0000,1018.9500,0.0000,0.0000,66.8000,8.0800,1524.9000,-13.1200,3.2000,-10.6333,251,2026,-0.9232,-0.3844,45.7640,4.8357,otoño,1.5269,0.1102,FR,moderado,0.5000,Lyon
Lyon,2026-09-09,1.5280,0.3595,1.3597,0.4868,4.8650,3.0191,3.6282,3.8537,7.5580,7.1434,2.4682,8.2890,5.7020,5.5321,1.2831,7.0959,6.8940,3.5326,5.6436,6.1546,13.0300,52.8000,1018.2900,0.0000,0.0000,12.9000,7.5900,1514.8000,-2.2433,-0.4333,-2.3667,252,2026,-0.9296,-0.3685,45.7640,4.8357,otoño,1.4269,0.1346,FR,moderado,0.5000,Lyon
