city,season,doy_bin,doy_centre,nights,pred_mean,p_alert_mean,pred_q90,alert_q90,pred_q75,alert_q75,pred_q50,alert_q50
Alicante,spring,3,35,66,1.0486,0.0274,1.1675,0.0512,1.1228,0.0360,1.0553,0.0254
Alicante,spring,4,45,126,1.1020,0.0382,1.2552,0.0841,1.1856,0.0507,1.1021,0.0298
Alicante,spring,5,55,186,1.1549,0.0696,1.3322,0.1718,1.2475,0.0942,1.1590,0.0420
Alicante,spring,6,65,246,1.1757,0.0762,1.3433,0.1738,1.2709,0.1064,1.1821,0.0509
Alicante,spring,7,75,258,1.2226,0.0913,1.3714,0.1829,1.3041,0.1270,1.2268,0.0763
Alicante,spring,8,85,258,1.2471,0.1019,1.3799,0.1996,1.3106,0.1373,1.2466,0.0872
Alicante,spring,9,95,258,1.2533,0.1038,1.3821,0.2059,1.3261,0.1386,1.2577,0.0894
Alicante,spring,10,105,258,1.2564,0.0979,1.3757,0.1974,1.3290,0.1324,1.2645,0.0798
Alicante,spring,11,115,258,1.2662,0.0979,1.3812,0.2029,1.3264,0.1318,1.2725,0.0790
Alicante,spring,12,125,258,1.2707,0.0932,1.3877,0.1907,1.3355,0.1256,1.2787,0.0730
Alicante,spring,13,135,229,1.2743,0.0895,1.3897,0.1856,1.3359,0.1224,1.2824,0.0693
Alicante,spring,14,145,169,1.2732,0.0823,1.3916,0.1559,1.3353,0.1110,1.2787,0.0630
Alicante,spring,15,155,109,1.2698,0.0799,1.3986,0.1617,1.3452,0.1058,1.2779,0.0617
Alicante,autumn,22,225,117,1.2250,0.0583,1.3675,0.1202,1.2686,0.0624,1.2164,0.0440
Alicante,autumn,23,235,167,1.2174,0.0608,1.3489,0.1202,1.2639,0.0704,1.2047,0.0454
Alicante,autumn,24,245,217,1.2350,0.0715,1.3848,0.1551,1.2895,0.0858,1.2203,0.0501
Alicante,autumn,25,255,226,1.2485,0.0805,1.4114,0.1695,1.3016,0.1052,1.2276,0.0578
Alicante,autumn,26,265,216,1.2787,0.0986,1.4446,0.2011,1.3542,0.1289,1.2657,0.0768
Alicante,autumn,27,275,215,1.2976,0.1099,1.4480,0.2075,1.3782,0.1521,1.2979,0.0865
Alicante,autumn,28,285,215,1.3048,0.1166,1.4480,0.2285,1.3782,0.1621,1.2979,0.0928
Alicante,autumn,29,295,215,1.2925,0.1173,1.4401,0.2388,1.3758,0.1586,1.2939,0.0928
Alicante,autumn,30,305,215,1.2409,0.1036,1.4211,0.2219,1.3496,0.1420,1.2377,0.0779
Alicante,autumn,31,315,206,1.1795,0.0858,1.3784,0.1796,1.2914,0.1087,1.1822,0.0630
Alicante,autumn,32,325,156,1.1376,0.0739,1.3456,0.1557,1.2298,0.0951,1.1252,0.0485
Alicante,autumn,33,335,106,1.0716,0.0479,1.2150,0.0964,1.1385,0.0644,1.0705,0.0418
Almería,spring,3,35,66,1.2532,0.0355,1.3507,0.0671,1.2950,0.0467,1.2432,0.0284
Almería,spring,4,45,126,1.2667,0.0481,1.3865,0.1033,1.3091,0.0655,1.2559,0.0385
Almería,spring,5,55,186,1.2962,0.0761,1.4290,0.1606,1.3588,0.1066,1.2773,0.0595
Almería,spring,6,65,246,1.3100,0.0802,1.4373,0.1626,1.3789,0.1079,1.2964,0.0623
Almería,spring,7,75,258,1.3379,0.0934,1.4618,0.1749,1.4066,0.1259,1.3386,0.0792
Almería,spring,8,85,258,1.3596,0.1018,1.4734,0.1901,1.4239,0.1371,1.3601,0.0893
Almería,spring,9,95,258,1.3678,0.1001,1.4838,0.1848,1.4294,0.1352,1.3675,0.0858
Almería,spring,10,105,258,1.3691,0.0937,1.4831,0.1746,1.4300,0.1251,1.3710,0.0772
Almería,spring,11,115,258,1.3702,0.0934,1.4926,0.1792,1.4302,0.1229,1.3688,0.0767
Almería,spring,12,125,258,1.3731,0.0910,1.5018,0.1829,1.4367,0.1182,1.3593,0.0706
Almería,spring,13,135,229,1.3694,0.0836,1.5052,0.1678,1.4292,0.1101,1.3525,0.0645
Almería,spring,14,145,169,1.3671,0.0795,1.4984,0.1648,1.4265,0.1006,1.3473,0.0629
Almería,spring,15,155,109,1.3727,0.0786,1.5029,0.1640,1.4201,0.1048,1.3484,0.0629
Almería,autumn,22,225,117,1.3157,0.0633,1.4631,0.1179,1.3799,0.0686,1.3021,0.0393
Almería,autumn,23,235,167,1.3069,0.0650,1.4575,0.1286,1.3661,0.0751,1.2927,0.0464
Almería,autumn,24,245,217,1.3264,0.0758,1.4848,0.1639,1.3831,0.0950,1.3054,0.0504
Almería,autumn,25,255,226,1.3433,0.0884,1.5196,0.1968,1.4193,0.1092,1.3168,0.0592
Almería,autumn,26,265,216,1.3674,0.1038,1.5408,0.2348,1.4484,0.1414,1.3479,0.0781
Almería,autumn,27,275,215,1.3888,0.1135,1.5467,0.2438,1.4655,0.1512,1.3835,0.0950
Almería,autumn,28,285,215,1.3964,0.1229,1.5410,0.2535,1.4670,0.1655,1.3992,0.0979
Almería,autumn,29,295,215,1.3807,0.1178,1.5153,0.2477,1.4495,0.1595,1.3853,0.0971
Almería,autumn,30,305,215,1.3491,0.0986,1.4853,0.2198,1.4228,0.1314,1.3408,0.0726
Almería,autumn,31,315,206,1.3128,0.0833,1.4574,0.1945,1.3907,0.1050,1.3100,0.0542
Almería,autumn,32,325,156,1.2871,0.0670,1.4238,0.1318,1.3662,0.0880,1.2785,0.0471
Almería,autumn,33,335,106,1.2555,0.0438,1.3715,0.0867,1.3180,0.0583,1.2583,0.0354
Barcelona,spring,3,35,66,1.4150,0.0326,1.6347,0.0601,1.5253,0.0405,1.4117,0.0255
Barcelona,spring,4,45,126,1.4613,0.0407,1.6547,0.0805,1.5663,0.0537,1.4694,0.0299
Barcelona,spring,5,55,186,1.5305,0.0813,1.7659,0.1912,1.6554,0.1190,1.5278,0.0489
Barcelona,spring,6,65,246,1.5660,0.0926,1.8048,0.2063,1.7133,0.1413,1.5666,0.0625
Barcelona,spring,7,75,258,1.6328,0.1123,1.8554,0.2171,1.7579,0.1530,1.6373,0.0932
Barcelona,spring,8,85,258,1.6772,0.1305,1.8786,0.2316,1.8010,0.1718,1.6839,0.1195
Barcelona,spring,9,95,258,1.6997,0.1318,1.8926,0.2339,1.8170,0.1734,1.7141,0.1195
Barcelona,spring,10,105,258,1.7055,0.1228,1.8825,0.2311,1.8163,0.1542,1.7193,0.1062
Barcelona,spring,11,115,258,1.7194,0.1211,1.8805,0.2373,1.8226,0.1539,1.7375,0.0989
Barcelona,spring,12,125,258,1.7088,0.1124,1.8550,0.2320,1.8012,0.1424,1.7259,0.0877
Barcelona,spring,13,135,229,1.7010,0.1082,1.8383,0.2217,1.7920,0.1366,1.7230,0.0821
Barcelona,spring,14,145,169,1.6892,0.1009,1.8214,0.2058,1.7827,0.1315,1.7124,0.0759
Barcelona,spring,15,155,109,1.6721,0.1055,1.7991,0.2235,1.7606,0.1372,1.6892,0.0751
Barcelona,autumn,22,225,117,1.6646,0.0555,1.8354,0.0966,1.7636,0.0688,1.6596,0.0461
Barcelona,autumn,23,235,167,1.6709,0.0632,1.8388,0.1123,1.7752,0.0801,1.6684,0.0529
Barcelona,autumn,24,245,217,1.6816,0.0699,1.8715,0.1291,1.7866,0.0885,1.6748,0.0558
Barcelona,autumn,25,255,226,1.7074,0.0781,1.9076,0.1509,1.8170,0.0991,1.7127,0.0614
Barcelona,autumn,26,265,216,1.7450,0.1012,1.9590,0.1929,1.8695,0.1369,1.7538,0.0802
Barcelona,autumn,27,275,215,1.7592,0.1139,1.9699,0.2224,1.8963,0.1459,1.7782,0.0880
Barcelona,autumn,28,285,215,1.7628,0.1222,1.9789,0.2265,1.9024,0.1578,1.7876,0.0915
Barcelona,autumn,29,295,215,1.7354,0.1138,1.9710,0.2304,1.8765,0.1479,1.7490,0.0807
Barcelona,autumn,30,305,215,1.6362,0.0942,1.9417,0.2145,1.7996,0.1222,1.6358,0.0569
Barcelona,autumn,31,315,206,1.5415,0.0714,1.8662,0.1721,1.7059,0.0805,1.5162,0.0433
Barcelona,autumn,32,325,156,1.4712,0.0529,1.7518,0.1075,1.6045,0.0575,1.4297,0.0366
Barcelona,autumn,33,335,106,1.3785,0.0375,1.5872,0.0671,1.4658,0.0436,1.3881,0.0301
Bilbao,spring,3,35,66,1.1905,0.0460,1.4363,0.0859,1.2732,0.0536,1.1521,0.0331
Bilbao,spring,4,45,126,1.2320,0.0517,1.4794,0.1028,1.3038,0.0656,1.2058,0.0388
Bilbao,spring,5,55,186,1.2888,0.0744,1.5651,0.1722,1.3980,0.0913,1.2645,0.0533
Bilbao,spring,6,65,246,1.3174,0.0801,1.5731,0.1786,1.4410,0.1005,1.2966,0.0587
Bilbao,spring,7,75,258,1.3629,0.0909,1.6236,0.1962,1.5015,0.1129,1.3385,0.0675
Bilbao,spring,8,85,258,1.3829,0.0969,1.6259,0.1991,1.5114,0.1251,1.3774,0.0764
Bilbao,spring,9,95,258,1.3929,0.1005,1.6358,0.1991,1.5300,0.1325,1.3870,0.0773
Bilbao,spring,10,105,258,1.3797,0.0978,1.6345,0.2117,1.5243,0.1293,1.3714,0.0730
Bilbao,spring,11,115,258,1.3845,0.0998,1.6265,0.2153,1.5277,0.1332,1.3795,0.0720
Bilbao,spring,12,125,258,1.3767,0.1044,1.6345,0.2437,1.5145,0.1440,1.3523,0.0688
Bilbao,spring,13,135,229,1.3878,0.1126,1.6334,0.2451,1.5182,0.1572,1.3727,0.0753
Bilbao,spring,14,145,169,1.3798,0.1120,1.6247,0.2601,1.5146,0.1628,1.3655,0.0656
Bilbao,spring,15,155,109,1.3830,0.1218,1.6398,0.3018,1.5100,0.1791,1.3655,0.0773
Bilbao,autumn,22,225,117,1.4434,0.1089,1.5606,0.1848,1.4955,0.1346,1.4425,0.0954
Bilbao,autumn,23,235,167,1.4289,0.1055,1.5580,0.1831,1.4913,0.1294,1.4333,0.0934
Bilbao,autumn,24,245,217,1.4311,0.1075,1.5606,0.1893,1.4955,0.1290,1.4346,0.0930
Bilbao,autumn,25,255,226,1.4211,0.1068,1.5585,0.1962,1.4934,0.1286,1.4242,0.0885
Bilbao,autumn,26,265,216,1.4233,0.1067,1.5623,0.1909,1.5104,0.1295,1.4242,0.0884
Bilbao,autumn,27,275,215,1.4166,0.1042,1.5911,0.1936,1.5143,0.1290,1.4164,0.0881
Bilbao,autumn,28,285,215,1.3952,0.0984,1.5576,0.1883,1.4909,0.1240,1.3865,0.0799
Bilbao,autumn,29,295,215,1.3684,0.0949,1.5576,0.1948,1.4823,0.1212,1.3583,0.0712
Bilbao,autumn,30,305,215,1.3034,0.0822,1.5078,0.1678,1.4101,0.1072,1.2965,0.0552
Bilbao,autumn,31,315,206,1.2490,0.0744,1.4521,0.1495,1.3519,0.0903,1.2473,0.0462
Bilbao,autumn,32,325,156,1.2124,0.0696,1.4107,0.1364,1.3126,0.0750,1.2135,0.0411
Bilbao,autumn,33,335,106,1.1611,0.0589,1.3495,0.1175,1.2460,0.0545,1.1602,0.0361
Bordeaux,spring,3,35,66,0.8083,0.0509,1.1324,0.1327,0.8730,0.0481,0.7694,0.0209
Bordeaux,spring,4,45,126,0.8007,0.0488,1.0731,0.1123,0.8489,0.0459,0.7633,0.0234
Bordeaux,spring,5,55,186,0.8574,0.0721,1.1080,0.1780,0.9554,0.0819,0.8196,0.0352
Bordeaux,spring,6,65,246,0.8795,0.0765,1.1114,0.1781,0.9861,0.0910,0.8651,0.0406
Bordeaux,spring,7,75,258,0.9112,0.0863,1.1258,0.1895,1.0259,0.0992,0.8929,0.0519
Bordeaux,spring,8,85,258,0.9506,0.0925,1.1238,0.1860,1.0326,0.1137,0.9428,0.0606
Bordeaux,spring,9,95,258,0.9574,0.0881,1.1253,0.1699,1.0391,0.1124,0.9624,0.0628
Bordeaux,spring,10,105,258,0.9714,0.0900,1.1484,0.1811,1.0614,0.1141,0.9803,0.0609
Bordeaux,spring,11,115,258,0.9898,0.0959,1.1650,0.2162,1.0790,0.1325,0.9922,0.0647
Bordeaux,spring,12,125,258,0.9919,0.1001,1.1782,0.2473,1.1002,0.1393,0.9903,0.0575
Bordeaux,spring,13,135,229,1.0128,0.1153,1.2030,0.3010,1.1178,0.1598,0.9999,0.0679
Bordeaux,spring,14,145,169,1.0080,0.1190,1.2173,0.3056,1.1126,0.1751,0.9980,0.0614
Bordeaux,spring,15,155,109,1.0027,0.1221,1.2080,0.3315,1.0916,0.1644,0.9917,0.0546
Bordeaux,autumn,22,225,117,0.9792,0.0770,1.0665,0.1392,1.0108,0.0918,0.9785,0.0657
Bordeaux,autumn,23,235,167,0.9828,0.0814,1.0696,0.1507,1.0220,0.0991,0.9832,0.0666
Bordeaux,autumn,24,245,217,0.9792,0.0799,1.0696,0.1507,1.0223,0.0977,0.9812,0.0657
Bordeaux,autumn,25,255,226,0.9729,0.0799,1.0737,0.1560,1.0221,0.0982,0.9717,0.0624
Bordeaux,autumn,26,265,216,0.9642,0.0829,1.0699,0.1724,1.0170,0.1030,0.9585,0.0620
Bordeaux,autumn,27,275,215,0.9670,0.0879,1.0959,0.1694,1.0229,0.1033,0.9556,0.0645
Bordeaux,autumn,28,285,215,0.9608,0.0945,1.1060,0.1862,1.0178,0.1041,0.9415,0.0602
Bordeaux,autumn,29,295,215,0.9381,0.0957,1.1206,0.1978,1.0059,0.1019,0.9132,0.0546
Bordeaux,autumn,30,305,215,0.9117,0.0926,1.1584,0.2226,1.0045,0.0914,0.8912,0.0426
Bordeaux,autumn,31,315,206,0.8709,0.0874,1.1757,0.2296,0.9901,0.0732,0.8167,0.0257
Bordeaux,autumn,32,325,156,0.8415,0.0785,1.1887,0.2218,0.9607,0.0596,0.7851,0.0197
Bordeaux,autumn,33,335,106,0.7951,0.0628,1.1637,0.2203,0.9066,0.0387,0.7196,0.0166
Coimbra,spring,3,35,66,1.4487,0.0305,1.6646,0.0651,1.5494,0.0436,1.4797,0.0212
Coimbra,spring,4,45,126,1.4693,0.0342,1.6604,0.0720,1.5800,0.0464,1.4986,0.0241
Coimbra,spring,5,55,186,1.5327,0.0504,1.7682,0.1092,1.6647,0.0638,1.5388,0.0325
Coimbra,spring,6,65,246,1.5868,0.0615,1.8391,0.1402,1.7217,0.0735,1.5830,0.0389
Coimbra,spring,7,75,258,1.6613,0.0756,1.9410,0.1674,1.7766,0.0876,1.6550,0.0490
Coimbra,spring,8,85,258,1.7152,0.0851,1.9645,0.1855,1.8368,0.1076,1.7007,0.0560
Coimbra,spring,9,95,258,1.7597,0.0966,2.0330,0.2337,1.8905,0.1262,1.7470,0.0618
Coimbra,spring,10,105,258,1.7513,0.0959,2.0392,0.2304,1.8889,0.1123,1.7291,0.0598
Coimbra,spring,11,115,258,1.7441,0.0956,1.9882,0.2134,1.8860,0.1125,1.7242,0.0637
Coimbra,spring,12,125,258,1.7474,0.1077,1.9815,0.2220,1.8824,0.1373,1.7401,0.0733
Coimbra,spring,13,135,229,1.7507,0.1205,1.9636,0.2445,1.8737,0.1601,1.7454,0.0797
Coimbra,spring,14,145,169,1.7506,0.1212,1.9527,0.2419,1.8623,0.1683,1.7542,0.0893
Coimbra,spring,15,155,109,1.7634,0.1442,1.9540,0.2534,1.8815,0.1938,1.7835,0.1306
Coimbra,autumn,22,225,117,2.0199,0.1611,2.2077,0.2717,2.1210,0.2074,2.0311,0.1493
Coimbra,autumn,23,235,167,1.9899,0.1461,2.2091,0.2648,2.1135,0.1950,2.0155,0.1273
Coimbra,autumn,24,245,217,2.0054,0.1576,2.2495,0.2860,2.1299,0.2089,2.0195,0.1378
Coimbra,autumn,25,255,226,1.9938,0.1483,2.2630,0.2769,2.1441,0.1878,2.0174,0.1204
Coimbra,autumn,26,265,216,1.9961,0.1461,2.2773,0.2785,2.1610,0.1914,2.0156,0.1245
Coimbra,autumn,27,275,215,1.9661,0.1397,2.2733,0.2763,2.1425,0.1862,1.9824,0.1043
Coimbra,autumn,28,285,215,1.8920,0.1130,2.2097,0.2225,2.0863,0.1525,1.8721,0.0865
Coimbra,autumn,29,295,215,1.8085,0.0895,2.1317,0.1860,1.9640,0.1166,1.7592,0.0690
Coimbra,autumn,30,305,215,1.6914,0.0689,1.9905,0.1504,1.8038,0.0864,1.6576,0.0457
Coimbra,autumn,31,315,206,1.5793,0.0530,1.8773,0.1127,1.6965,0.0698,1.5953,0.0379
Coimbra,autumn,32,325,156,1.5207,0.0450,1.7621,0.1005,1.6485,0.0471,1.5493,0.0298
Coimbra,autumn,33,335,106,1.4451,0.0318,1.6740,0.0587,1.5883,0.0380,1.4799,0.0249
Cáceres,spring,3,35,66,1.0925,0.0205,1.2416,0.0440,1.1642,0.0229,1.1080,0.0167
Cáceres,spring,4,45,126,1.1357,0.0261,1.2800,0.0516,1.2112,0.0351,1.1502,0.0201
Cáceres,spring,5,55,186,1.1872,0.0469,1.3455,0.1104,1.2783,0.0567,1.1932,0.0260
Cáceres,spring,6,65,246,1.2223,0.0556,1.4040,0.1223,1.3170,0.0701,1.2223,0.0353
Cáceres,spring,7,75,258,1.2759,0.0677,1.4429,0.1447,1.3677,0.0877,1.2797,0.0461
Cáceres,spring,8,85,258,1.3119,0.0795,1.4650,0.1659,1.4070,0.1085,1.3154,0.0654
Cáceres,spring,9,95,258,1.3390,0.0875,1.4844,0.1735,1.4310,0.1163,1.3451,0.0722
Cáceres,spring,10,105,258,1.3433,0.0831,1.4883,0.1653,1.4384,0.1109,1.3488,0.0680
Cáceres,spring,11,115,258,1.3551,0.0858,1.4883,0.1629,1.4452,0.1153,1.3663,0.0696
Cáceres,spring,12,125,258,1.3676,0.0956,1.4949,0.1877,1.4510,0.1317,1.3817,0.0778
Cáceres,spring,13,135,229,1.3737,0.0997,1.4920,0.1914,1.4454,0.1371,1.3886,0.0810
Cáceres,spring,14,145,169,1.3770,0.1034,1.4777,0.1918,1.4444,0.1414,1.3991,0.0922
Cáceres,spring,15,155,109,1.3834,0.1158,1.4886,0.1988,1.4444,0.1505,1.4017,0.1060
Cáceres,autumn,22,225,117,1.4771,0.1286,1.6240,0.2807,1.5561,0.1755,1.4582,0.0934
Cáceres,autumn,23,235,167,1.4639,0.1296,1.6330,0.2835,1.5618,0.1816,1.4475,0.0870
Cáceres,autumn,24,245,217,1.4678,0.1386,1.6523,0.3093,1.5750,0.1876,1.4604,0.0947
Cáceres,autumn,25,255,226,1.4565,0.1278,1.6525,0.2759,1.5683,0.1691,1.4493,0.0923
Cáceres,autumn,26,265,216,1.4495,0.1306,1.6514,0.2813,1.5666,0.1693,1.4661,0.0999
Cáceres,autumn,27,275,215,1.4230,0.1233,1.6422,0.2750,1.5509,0.1605,1.4459,0.0947
Cáceres,autumn,28,285,215,1.3677,0.0941,1.5750,0.2026,1.4918,0.1183,1.3838,0.0706
Cáceres,autumn,29,295,215,1.3032,0.0738,1.5198,0.1590,1.4325,0.1017,1.2962,0.0483
Cáceres,autumn,30,305,215,1.2112,0.0545,1.4612,0.1100,1.3248,0.0594,1.1933,0.0323
Cáceres,autumn,31,315,206,1.1271,0.0402,1.3458,0.0853,1.2526,0.0389,1.1164,0.0224
Cáceres,autumn,32,325,156,1.0797,0.0300,1.2965,0.0489,1.1872,0.0320,1.0777,0.0183
Cáceres,autumn,33,335,106,1.0074,0.0214,1.1747,0.0329,1.0969,0.0230,1.0219,0.0160
Córdoba,spring,3,35,66,1.0914,0.0260,1.2168,0.0452,1.1734,0.0384,1.0929,0.0195
Córdoba,spring,4,45,126,1.1627,0.0381,1.3111,0.0763,1.2410,0.0470,1.1756,0.0293
Córdoba,spring,5,55,186,1.2166,0.0619,1.3773,0.1396,1.3028,0.0880,1.2255,0.0428
Córdoba,spring,6,65,246,1.2451,0.0688,1.3973,0.1472,1.3395,0.0938,1.2636,0.0513
Córdoba,spring,7,75,258,1.3051,0.0852,1.4403,0.1667,1.3784,0.1199,1.3068,0.0700
Córdoba,spring,8,85,258,1.3387,0.0958,1.4480,0.1834,1.3954,0.1274,1.3404,0.0841
Córdoba,spring,9,95,258,1.3571,0.1024,1.4604,0.1838,1.4109,0.1364,1.3610,0.0951
Córdoba,spring,10,105,258,1.3663,0.0989,1.4657,0.1768,1.4141,0.1288,1.3736,0.0865
Córdoba,spring,11,115,258,1.3784,0.0986,1.4677,0.1742,1.4292,0.1281,1.3831,0.0892
Córdoba,spring,12,125,258,1.3911,0.0967,1.4774,0.1629,1.4388,0.1231,1.3949,0.0841
Córdoba,spring,13,135,229,1.3987,0.0910,1.4969,0.1543,1.4447,0.1142,1.3994,0.0790
Córdoba,spring,14,145,169,1.4078,0.0870,1.5108,0.1422,1.4495,0.1103,1.4088,0.0765
Córdoba,spring,15,155,109,1.4177,0.0896,1.5274,0.1455,1.4617,0.1164,1.4140,0.0792
Córdoba,autumn,22,225,117,1.4359,0.0727,1.6196,0.1497,1.5044,0.0911,1.4087,0.0551
Córdoba,autumn,23,235,167,1.4206,0.0802,1.6068,0.1735,1.4869,0.1004,1.3966,0.0551
Córdoba,autumn,24,245,217,1.4276,0.0898,1.6024,0.1957,1.4995,0.1094,1.4124,0.0615
Córdoba,autumn,25,255,226,1.4202,0.0980,1.5726,0.2173,1.5043,0.1363,1.4115,0.0666
Córdoba,autumn,26,265,216,1.4263,0.1143,1.5670,0.2375,1.5229,0.1611,1.4216,0.0819
Córdoba,autumn,27,275,215,1.4193,0.1155,1.5672,0.2308,1.5241,0.1584,1.4233,0.0926
Córdoba,autumn,28,285,215,1.3866,0.1051,1.5486,0.2142,1.4840,0.1457,1.3932,0.0827
Córdoba,autumn,29,295,215,1.3375,0.0940,1.5295,0.2025,1.4332,0.1375,1.3380,0.0723
Córdoba,autumn,30,305,215,1.2528,0.0712,1.4479,0.1488,1.3650,0.0889,1.2600,0.0483
Córdoba,autumn,31,315,206,1.1736,0.0575,1.3849,0.1356,1.2877,0.0713,1.1819,0.0389
Córdoba,autumn,32,325,156,1.1258,0.0475,1.3198,0.0906,1.2410,0.0559,1.1318,0.0331
Córdoba,autumn,33,335,106,1.0557,0.0319,1.2021,0.0539,1.1494,0.0382,1.0889,0.0259
Faro,spring,3,35,66,1.2719,0.0272,1.3469,0.0555,1.3130,0.0342,1.2719,0.0195
Faro,spring,4,45,126,1.2669,0.0313,1.3470,0.0595,1.3060,0.0408,1.2664,0.0256
Faro,spring,5,55,186,1.2878,0.0503,1.3708,0.1146,1.3335,0.0572,1.2821,0.0331
Faro,spring,6,65,246,1.2962,0.0554,1.3766,0.1261,1.3406,0.0703,1.2950,0.0353
Faro,spring,7,75,258,1.3097,0.0697,1.4034,0.1544,1.3586,0.0952,1.3089,0.0491
Faro,spring,8,85,258,1.3312,0.0861,1.4158,0.1807,1.3756,0.1199,1.3329,0.0653
Faro,spring,9,95,258,1.3402,0.0941,1.4224,0.1865,1.3831,0.1335,1.3405,0.0749
Faro,spring,10,105,258,1.3447,0.0943,1.4242,0.1860,1.3842,0.1285,1.3450,0.0731
Faro,spring,11,115,258,1.3529,0.0981,1.4352,0.1860,1.3898,0.1308,1.3516,0.0780
Faro,spring,12,125,258,1.3606,0.1082,1.4539,0.1966,1.4031,0.1351,1.3567,0.0826
Faro,spring,13,135,229,1.3647,0.1138,1.4473,0.2340,1.4073,0.1377,1.3596,0.0903
Faro,spring,14,145,169,1.3717,0.1231,1.4605,0.2416,1.4169,0.1529,1.3697,0.0956
Faro,spring,15,155,109,1.3730,0.1381,1.4794,0.2810,1.4176,0.1772,1.3726,0.1026
Faro,autumn,22,225,117,1.3650,0.1029,1.4732,0.1951,1.4154,0.1352,1.3592,0.0808
Faro,autumn,23,235,167,1.3588,0.1138,1.4732,0.2399,1.4138,0.1560,1.3590,0.0880
Faro,autumn,24,245,217,1.3717,0.1246,1.5000,0.2634,1.4321,0.1717,1.3645,0.0971
Faro,autumn,25,255,226,1.3823,0.1402,1.5096,0.2926,1.4486,0.1929,1.3758,0.1116
Faro,autumn,26,265,216,1.3882,0.1542,1.5301,0.2985,1.4601,0.2268,1.3926,0.1391
Faro,autumn,27,275,215,1.3804,0.1466,1.5249,0.2956,1.4607,0.1994,1.3916,0.1256
Faro,autumn,28,285,215,1.3579,0.1234,1.4982,0.2449,1.4413,0.1668,1.3628,0.1013
Faro,autumn,29,295,215,1.3338,0.0978,1.4695,0.2155,1.4038,0.1412,1.3401,0.0771
Faro,autumn,30,305,215,1.3172,0.0714,1.4484,0.1518,1.3889,0.0899,1.3153,0.0481
Faro,autumn,31,315,206,1.3075,0.0556,1.4278,0.1288,1.3656,0.0684,1.3020,0.0335
Faro,autumn,32,325,156,1.3041,0.0466,1.4076,0.0949,1.3617,0.0568,1.2994,0.0302
Faro,autumn,33,335,106,1.3012,0.0340,1.4076,0.0706,1.3570,0.0387,1.2936,0.0232
Gijón,spring,3,35,66,0.9389,0.0474,1.1655,0.0971,0.9898,0.0568,0.8926,0.0235
Gijón,spring,4,45,126,0.9747,0.0499,1.1685,0.0998,1.0653,0.0603,0.9579,0.0317
Gijón,spring,5,55,186,1.0128,0.0678,1.1927,0.1441,1.1055,0.0880,0.9991,0.0454
Gijón,spring,6,65,246,1.0277,0.0731,1.1969,0.1587,1.1056,0.0934,1.0287,0.0528
Gijón,spring,7,75,258,1.0600,0.0810,1.2013,0.1618,1.1193,0.1026,1.0561,0.0621
Gijón,spring,8,85,258,1.0693,0.0888,1.2004,0.1747,1.1204,0.1150,1.0658,0.0743
Gijón,spring,9,95,258,1.0658,0.0937,1.1850,0.1758,1.1204,0.1186,1.0664,0.0780
Gijón,spring,10,105,258,1.0683,0.0948,1.1841,0.1928,1.1219,0.1186,1.0701,0.0748
Gijón,spring,11,115,258,1.0699,0.0998,1.1928,0.2214,1.1198,0.1261,1.0667,0.0742
Gijón,spring,12,125,258,1.0652,0.1000,1.1850,0.2254,1.1194,0.1296,1.0595,0.0660
Gijón,spring,13,135,229,1.0731,0.1098,1.1882,0.2582,1.1298,0.1511,1.0605,0.0697
Gijón,spring,14,145,169,1.0683,0.1076,1.1882,0.2674,1.1193,0.1507,1.0555,0.0632
Gijón,spring,15,155,109,1.0697,0.1149,1.1900,0.2803,1.1510,0.1596,1.0555,0.0722
Gijón,autumn,22,225,117,1.0924,0.1004,1.1717,0.1895,1.1309,0.1295,1.0860,0.0818
Gijón,autumn,23,235,167,1.0905,0.1020,1.1674,0.1915,1.1266,0.1354,1.0879,0.0820
Gijón,autumn,24,245,217,1.0925,0.1040,1.1718,0.1880,1.1309,0.1373,1.0886,0.0899
Gijón,autumn,25,255,226,1.0776,0.0998,1.1719,0.1865,1.1283,0.1345,1.0804,0.0837
Gijón,autumn,26,265,216,1.0608,0.0993,1.1623,0.1765,1.1117,0.1345,1.0593,0.0850
Gijón,autumn,27,275,215,1.0557,0.0934,1.1626,0.1706,1.1132,0.1246,1.0552,0.0799
Gijón,autumn,28,285,215,1.0551,0.0905,1.1626,0.1697,1.1129,0.1143,1.0444,0.0722
Gijón,autumn,29,295,215,1.0480,0.0855,1.1640,0.1697,1.1097,0.1085,1.0414,0.0642
Gijón,autumn,30,305,215,1.0450,0.0764,1.1838,0.1587,1.1149,0.0970,1.0510,0.0525
Gijón,autumn,31,315,206,1.0277,0.0696,1.1875,0.1479,1.1121,0.0893,1.0274,0.0393
Gijón,autumn,32,325,156,1.0069,0.0638,1.1782,0.1373,1.0962,0.0690,1.0021,0.0320
Gijón,autumn,33,335,106,0.9821,0.0532,1.1782,0.1040,1.0664,0.0510,0.9846,0.0295
Granada,spring,3,35,66,1.1220,0.0237,1.2577,0.0473,1.2105,0.0286,1.1254,0.0145
Granada,spring,4,45,126,1.1666,0.0326,1.2931,0.0662,1.2416,0.0425,1.1695,0.0221
Granada,spring,5,55,186,1.2164,0.0590,1.3813,0.1404,1.3004,0.0806,1.2265,0.0373
Granada,spring,6,65,246,1.2436,0.0647,1.3920,0.1414,1.3362,0.0882,1.2573,0.0463
Granada,spring,7,75,258,1.2963,0.0784,1.4249,0.1567,1.3736,0.1012,1.3028,0.0624
Granada,spring,8,85,258,1.3321,0.0875,1.4420,0.1605,1.3852,0.1113,1.3373,0.0701
Granada,spring,9,95,258,1.3390,0.0853,1.4284,0.1527,1.3878,0.1076,1.3440,0.0715
Granada,spring,10,105,258,1.3422,0.0797,1.4287,0.1453,1.3862,0.0997,1.3492,0.0689
Granada,spring,11,115,258,1.3392,0.0743,1.4177,0.1412,1.3838,0.0957,1.3447,0.0618
Granada,spring,12,125,258,1.3368,0.0677,1.4134,0.1343,1.3834,0.0902,1.3431,0.0543
Granada,spring,13,135,229,1.3376,0.0631,1.4135,0.1225,1.3834,0.0816,1.3408,0.0463
Granada,spring,14,145,169,1.3365,0.0550,1.4080,0.1030,1.3809,0.0626,1.3381,0.0435
Granada,spring,15,155,109,1.3352,0.0539,1.4094,0.1020,1.3820,0.0618,1.3379,0.0425
Granada,autumn,22,225,117,1.2991,0.0416,1.3841,0.0755,1.3407,0.0524,1.2977,0.0338
Granada,autumn,23,235,167,1.3090,0.0482,1.3877,0.0982,1.3462,0.0602,1.3068,0.0371
Granada,autumn,24,245,217,1.3263,0.0581,1.4197,0.1213,1.3674,0.0748,1.3232,0.0453
Granada,autumn,25,255,226,1.3454,0.0703,1.4553,0.1385,1.3952,0.0922,1.3346,0.0539
Granada,autumn,26,265,216,1.3664,0.0844,1.4666,0.1589,1.4123,0.1094,1.3603,0.0663
Granada,autumn,27,275,215,1.3766,0.0940,1.4720,0.1724,1.4308,0.1215,1.3701,0.0735
Granada,autumn,28,285,215,1.3672,0.0976,1.4726,0.1934,1.4189,0.1268,1.3599,0.0743
Granada,autumn,29,295,215,1.3319,0.0867,1.4678,0.1815,1.3932,0.1153,1.3291,0.0630
Granada,autumn,30,305,215,1.2748,0.0713,1.4432,0.1473,1.3597,0.0919,1.2860,0.0485
Granada,autumn,31,315,206,1.2019,0.0574,1.3928,0.1255,1.3177,0.0668,1.2220,0.0331
Granada,autumn,32,325,156,1.1561,0.0401,1.3481,0.0891,1.2508,0.0491,1.1762,0.0242
Granada,autumn,33,335,106,1.0987,0.0261,1.2519,0.0571,1.2002,0.0336,1.1252,0.0190
Lisboa,spring,3,35,66,1.0488,0.0299,1.1851,0.0632,1.0995,0.0316,1.0365,0.0222
Lisboa,spring,4,45,126,1.0887,0.0336,1.2719,0.0713,1.1788,0.0416,1.0720,0.0247
Lisboa,spring,5,55,186,1.1258,0.0490,1.3366,0.1064,1.1990,0.0591,1.0976,0.0296
Lisboa,spring,6,65,246,1.1561,0.0595,1.3674,0.1389,1.2490,0.0681,1.1372,0.0332
Lisboa,spring,7,75,258,1.2000,0.0741,1.3929,0.1744,1.2895,0.0966,1.1840,0.0472
Lisboa,spring,8,85,258,1.2135,0.0887,1.3974,0.2103,1.3032,0.1145,1.1946,0.0585
Lisboa,spring,9,95,258,1.2221,0.1046,1.4093,0.2308,1.3065,0.1456,1.2069,0.0696
Lisboa,spring,10,105,258,1.2185,0.1026,1.4381,0.2293,1.3096,0.1455,1.2007,0.0709
Lisboa,spring,11,115,258,1.2300,0.1101,1.4609,0.2349,1.3336,0.1567,1.2008,0.0802
Lisboa,spring,12,125,258,1.2599,0.1332,1.4857,0.2712,1.4015,0.1876,1.2334,0.1058
Lisboa,spring,13,135,229,1.2748,0.1474,1.4883,0.3014,1.4178,0.2212,1.2527,0.1219
Lisboa,spring,14,145,169,1.2864,0.1598,1.5022,0.3281,1.4212,0.2277,1.2648,0.1390
Lisboa,spring,15,155,109,1.2979,0.1874,1.4834,0.3621,1.4249,0.2800,1.2736,0.1631
Lisboa,autumn,22,225,117,1.4267,0.1832,1.6761,0.4073,1.5748,0.2368,1.4126,0.1431
Lisboa,autumn,23,235,167,1.4081,0.1736,1.7050,0.3889,1.5557,0.2359,1.3736,0.1396
Lisboa,autumn,24,245,217,1.4307,0.1834,1.7648,0.4012,1.5935,0.2455,1.4028,0.1442
Lisboa,autumn,25,255,226,1.4354,0.1793,1.7805,0.3763,1.5877,0.2366,1.3912,0.1417
Lisboa,autumn,26,265,216,1.4500,0.1768,1.7839,0.3502,1.6209,0.2352,1.3912,0.1425
Lisboa,autumn,27,275,215,1.4339,0.1645,1.7624,0.3259,1.5984,0.2285,1.3895,0.1346
Lisboa,autumn,28,285,215,1.3849,0.1330,1.7123,0.2670,1.5290,0.1897,1.3446,0.1077
Lisboa,autumn,29,295,215,1.2981,0.0974,1.5600,0.2246,1.4038,0.1352,1.2599,0.0702
Lisboa,autumn,30,305,215,1.2222,0.0723,1.4733,0.1664,1.2992,0.1033,1.2027,0.0479
Lisboa,autumn,31,315,206,1.1568,0.0571,1.3811,0.1232,1.2464,0.0699,1.1367,0.0364
Lisboa,autumn,32,325,156,1.1142,0.0476,1.2915,0.0974,1.2027,0.0587,1.1049,0.0330
Lisboa,autumn,33,335,106,1.0718,0.0351,1.2396,0.0780,1.1354,0.0373,1.0613,0.0254
Lyon,spring,3,35,66,0.9069,0.0405,1.1669,0.0662,1.0605,0.0352,0.8505,0.0220
Lyon,spring,4,45,126,0.8844,0.0380,1.1412,0.0727,1.0355,0.0428,0.8436,0.0244
Lyon,spring,5,55,186,0.9881,0.0758,1.3390,0.2000,1.1536,0.0871,1.0010,0.0387
Lyon,spring,6,65,246,1.0465,0.0952,1.4030,0.2576,1.2369,0.1303,1.0633,0.0461
Lyon,spring,7,75,258,1.1039,0.1147,1.4447,0.2763,1.3155,0.1666,1.1290,0.0698
Lyon,spring,8,85,258,1.1746,0.1285,1.4545,0.2795,1.3546,0.1885,1.1921,0.0906
Lyon,spring,9,95,258,1.1904,0.1262,1.4544,0.2676,1.3584,0.1885,1.2296,0.0946
Lyon,spring,10,105,258,1.1866,0.1197,1.4354,0.2524,1.3415,0.1707,1.2320,0.0930
Lyon,spring,11,115,258,1.2038,0.1119,1.4261,0.2397,1.3426,0.1686,1.2348,0.0900
Lyon,spring,12,125,258,1.2005,0.0994,1.4107,0.2087,1.3204,0.1459,1.2273,0.0724
Lyon,spring,13,135,229,1.2092,0.0950,1.4065,0.1984,1.3202,0.1355,1.2259,0.0655
Lyon,spring,14,145,169,1.1931,0.0839,1.3611,0.1936,1.3049,0.1072,1.2117,0.0564
Lyon,spring,15,155,109,1.1753,0.0696,1.3480,0.1689,1.2728,0.0771,1.2008,0.0500
Lyon,autumn,22,225,117,1.2959,0.0845,1.4373,0.1656,1.3931,0.1050,1.3063,0.0646
Lyon,autumn,23,235,167,1.3089,0.0901,1.4831,0.1785,1.4044,0.1134,1.3102,0.0709
Lyon,autumn,24,245,217,1.3228,0.0981,1.5323,0.2018,1.4293,0.1290,1.3249,0.0771
Lyon,autumn,25,255,226,1.3565,0.1169,1.5943,0.2529,1.4884,0.1614,1.3620,0.0895
Lyon,autumn,26,265,216,1.3898,0.1431,1.6410,0.3025,1.5371,0.2040,1.4009,0.1173
Lyon,autumn,27,275,215,1.3962,0.1563,1.6652,0.3157,1.5444,0.2268,1.4254,0.1340
Lyon,autumn,28,285,215,1.3421,0.1459,1.6554,0.3117,1.5298,0.2103,1.3820,0.1128
Lyon,autumn,29,295,215,1.2355,0.1180,1.5910,0.2736,1.4576,0.1743,1.2275,0.0790
Lyon,autumn,30,305,215,1.1153,0.0816,1.5017,0.2077,1.3113,0.0989,1.0914,0.0450
Lyon,autumn,31,315,206,1.0035,0.0572,1.3802,0.1280,1.1812,0.0707,0.9964,0.0343
Lyon,autumn,32,325,156,0.9364,0.0453,1.2175,0.0903,1.0902,0.0507,0.9369,0.0226
Lyon,autumn,33,335,106,0.8880,0.0408,1.1531,0.0767,1.0599,0.0395,0.8355,0.0164
Madrid,spring,3,35,66,1.2506,0.0263,1.4929,0.0487,1.3950,0.0265,1.1845,0.0186
Madrid,spring,4,45,126,1.3049,0.0345,1.5482,0.0724,1.4420,0.0474,1.3037,0.0237
Madrid,spring,5,55,186,1.3903,0.0621,1.6725,0.1513,1.5319,0.0772,1.3873,0.0377
Madrid,spring,6,65,246,1.4560,0.0715,1.7976,0.1692,1.6385,0.0873,1.4421,0.0492
Madrid,spring,7,75,258,1.5450,0.0818,1.8810,0.1681,1.7317,0.1056,1.5311,0.0620
Madrid,spring,8,85,258,1.6296,0.0925,1.9030,0.1799,1.7986,0.1197,1.6414,0.0751
Madrid,spring,9,95,258,1.6845,0.0965,1.9303,0.1805,1.8434,0.1276,1.7116,0.0795
Madrid,spring,10,105,258,1.6918,0.0899,1.9035,0.1663,1.8319,0.1245,1.7150,0.0760
Madrid,spring,11,115,258,1.7176,0.0963,1.8890,0.1773,1.8372,0.1285,1.7408,0.0824
Madrid,spring,12,125,258,1.7103,0.1028,1.8677,0.1966,1.8163,0.1382,1.7377,0.0875
Madrid,spring,13,135,229,1.7070,0.1077,1.8486,0.1979,1.8004,0.1476,1.7254,0.0893
Madrid,spring,14,145,169,1.7028,0.1085,1.8354,0.1993,1.7986,0.1536,1.7274,0.0879
Madrid,spring,15,155,109,1.6930,0.1208,1.8194,0.2223,1.7864,0.1664,1.7109,0.1018
Madrid,autumn,22,225,117,1.7883,0.0957,1.9338,0.1678,1.8649,0.1214,1.8059,0.0847
Madrid,autumn,23,235,167,1.7825,0.1007,1.9338,0.1754,1.8726,0.1368,1.7958,0.0882
Madrid,autumn,24,245,217,1.7852,0.1116,1.9479,0.2137,1.8840,0.1438,1.8024,0.0903
Madrid,autumn,25,255,226,1.7849,0.1131,1.9630,0.2157,1.9089,0.1482,1.8017,0.0924
Madrid,autumn,26,265,216,1.7872,0.1230,1.9750,0.2247,1.9087,0.1614,1.8121,0.1041
Madrid,autumn,27,275,215,1.7609,0.1221,1.9713,0.2296,1.9090,0.1612,1.8024,0.1033
Madrid,autumn,28,285,215,1.7085,0.1035,1.9436,0.1954,1.8575,0.1410,1.7450,0.0851
Madrid,autumn,29,295,215,1.6235,0.0900,1.9060,0.1866,1.7933,0.1199,1.6307,0.0671
Madrid,autumn,30,305,215,1.4841,0.0697,1.8307,0.1577,1.6680,0.0840,1.4679,0.0451
Madrid,autumn,31,315,206,1.3479,0.0483,1.6917,0.1118,1.5140,0.0583,1.3785,0.0303
Madrid,autumn,32,325,156,1.2646,0.0360,1.5251,0.0705,1.4357,0.0392,1.2862,0.0237
Madrid,autumn,33,335,106,1.1610,0.0259,1.4001,0.0410,1.3014,0.0269,1.1983,0.0193
Marseille,spring,3,35,66,1.0947,0.0237,1.4016,0.0485,1.2598,0.0347,1.1406,0.0202
Marseille,spring,4,45,126,1.2002,0.0311,1.5354,0.0578,1.3838,0.0400,1.2087,0.0278
Marseille,spring,5,55,186,1.2996,0.0567,1.7521,0.1464,1.5166,0.0727,1.3017,0.0354
Marseille,spring,6,65,246,1.3580,0.0721,1.7927,0.1798,1.6319,0.0974,1.3669,0.0423
Marseille,spring,7,75,258,1.4657,0.1003,1.8845,0.2240,1.7439,0.1415,1.4711,0.0679
Marseille,spring,8,85,258,1.5192,0.1166,1.9015,0.2454,1.7689,0.1590,1.5865,0.0879
Marseille,spring,9,95,258,1.5302,0.1207,1.9057,0.2617,1.7725,0.1673,1.6119,0.0959
Marseille,spring,10,105,258,1.5485,0.1150,1.8987,0.2497,1.7742,0.1467,1.6292,0.0902
Marseille,spring,11,115,258,1.5380,0.1039,1.8644,0.2174,1.7353,0.1384,1.6008,0.0838
Marseille,spring,12,125,258,1.5026,0.0899,1.7950,0.1916,1.6916,0.1166,1.5346,0.0690
Marseille,spring,13,135,229,1.4859,0.0854,1.7833,0.1848,1.6344,0.1053,1.4762,0.0620
Marseille,spring,14,145,169,1.4484,0.0772,1.7110,0.1673,1.5638,0.0970,1.4463,0.0559
Marseille,spring,15,155,109,1.3935,0.0749,1.5682,0.1706,1.4683,0.0955,1.4260,0.0570
Marseille,autumn,22,225,117,1.7118,0.0897,2.0075,0.1917,1.8551,0.1109,1.7051,0.0679
Marseille,autumn,23,235,167,1.7314,0.0907,2.0753,0.1901,1.8582,0.1093,1.7366,0.0721
Marseille,autumn,24,245,217,1.7487,0.0956,2.0737,0.1942,1.9092,0.1183,1.7476,0.0730
Marseille,autumn,25,255,226,1.7995,0.1026,2.1077,0.2051,1.9551,0.1300,1.8105,0.0852
Marseille,autumn,26,265,216,1.8522,0.1184,2.1592,0.2321,2.0151,0.1726,1.8600,0.0927
Marseille,autumn,27,275,215,1.8775,0.1310,2.1767,0.2721,2.0559,0.1857,1.9197,0.1024
Marseille,autumn,28,285,215,1.8561,0.1286,2.1816,0.2601,2.0576,0.1843,1.8831,0.0953
Marseille,autumn,29,295,215,1.7689,0.1146,2.1421,0.2601,1.9955,0.1586,1.8014,0.0737
Marseille,autumn,30,305,215,1.5739,0.0874,2.0782,0.2114,1.8725,0.1008,1.5644,0.0482
Marseille,autumn,31,315,206,1.3802,0.0609,1.9024,0.1514,1.6629,0.0690,1.3525,0.0360
Marseille,autumn,32,325,156,1.2455,0.0467,1.7344,0.0896,1.4544,0.0497,1.2430,0.0300
Marseille,autumn,33,335,106,1.0863,0.0346,1.3586,0.0551,1.2668,0.0343,1.0855,0.0237
Montpellier,spring,3,35,66,0.9566,0.0257,1.2487,0.0534,1.1398,0.0307,0.9471,0.0170
Montpellier,spring,4,45,126,1.0435,0.0300,1.3616,0.0593,1.1871,0.0380,1.0229,0.0215
Montpellier,spring,5,55,186,1.1536,0.0598,1.5613,0.1484,1.3624,0.0748,1.1120,0.0300
Montpellier,spring,6,65,246,1.2103,0.0751,1.6284,0.1880,1.4678,0.1093,1.1789,0.0384
Montpellier,spring,7,75,258,1.2949,0.0963,1.7354,0.2298,1.5319,0.1412,1.3030,0.0531
Montpellier,spring,8,85,258,1.3713,0.1114,1.7693,0.2385,1.6214,0.1553,1.4318,0.0840
Montpellier,spring,9,95,258,1.4107,0.1201,1.8239,0.2851,1.6554,0.1767,1.4662,0.0898
Montpellier,spring,10,105,258,1.4585,0.1194,1.8425,0.2595,1.7100,0.1721,1.5491,0.0951
Montpellier,spring,11,115,258,1.4977,0.1182,1.8305,0.2552,1.7108,0.1657,1.5524,0.0882
Montpellier,spring,12,125,258,1.4603,0.1069,1.8015,0.2325,1.6714,0.1506,1.4480,0.0758
Montpellier,spring,13,135,229,1.4469,0.1036,1.7965,0.2158,1.6519,0.1447,1.4000,0.0749
Montpellier,spring,14,145,169,1.3830,0.0900,1.7082,0.2031,1.4882,0.1128,1.3644,0.0651
Montpellier,spring,15,155,109,1.3155,0.0834,1.4877,0.1918,1.3871,0.1047,1.3219,0.0651
Montpellier,autumn,22,225,117,1.6063,0.1067,1.9232,0.1954,1.7631,0.1391,1.6069,0.0836
Montpellier,autumn,23,235,167,1.6057,0.1068,1.9009,0.2023,1.7585,0.1397,1.6088,0.0836
Montpellier,autumn,24,245,217,1.6148,0.1118,1.9024,0.2279,1.7679,0.1504,1.6104,0.0953
Montpellier,autumn,25,255,226,1.6360,0.1205,1.9003,0.2372,1.8014,0.1571,1.6551,0.1053
Montpellier,autumn,26,265,216,1.6527,0.1306,1.9025,0.2439,1.8022,0.1732,1.6759,0.1181
Montpellier,autumn,27,275,215,1.6523,0.1361,1.8721,0.2442,1.7976,0.1877,1.6796,0.1249
Montpellier,autumn,28,285,215,1.6214,0.1278,1.8640,0.2346,1.7631,0.1679,1.6301,0.1164
Montpellier,autumn,29,295,215,1.5209,0.1055,1.8393,0.2092,1.7270,0.1409,1.5283,0.0820
Montpellier,autumn,30,305,215,1.3459,0.0795,1.7596,0.1822,1.6091,0.1058,1.3551,0.0529
Montpellier,autumn,31,315,206,1.1706,0.0545,1.6410,0.1220,1.4216,0.0645,1.1621,0.0345
Montpellier,autumn,32,325,156,1.0460,0.0407,1.4040,0.0790,1.2382,0.0464,1.0444,0.0248
Montpellier,autumn,33,335,106,0.9097,0.0324,1.1621,0.0567,1.0611,0.0329,0.8910,0.0209
Murcia,spring,3,35,66,1.0516,0.0269,1.1639,0.0490,1.1388,0.0348,1.0625,0.0223
Murcia,spring,4,45,126,1.1055,0.0378,1.2589,0.0749,1.1929,0.0490,1.1283,0.0293
Murcia,spring,5,55,186,1.1581,0.0680,1.3264,0.1616,1.2552,0.0899,1.1624,0.0428
Murcia,spring,6,65,246,1.1791,0.0723,1.3442,0.1614,1.2715,0.1024,1.1934,0.0491
Murcia,spring,7,75,258,1.2277,0.0845,1.3570,0.1648,1.3052,0.1196,1.2332,0.0680
Murcia,spring,8,85,258,1.2580,0.0967,1.3744,0.1874,1.3181,0.1322,1.2614,0.0848
Murcia,spring,9,95,258,1.2725,0.1022,1.3864,0.1928,1.3395,0.1339,1.2810,0.0925
Murcia,spring,10,105,258,1.2859,0.1004,1.3948,0.1927,1.3498,0.1307,1.2981,0.0886
Murcia,spring,11,115,258,1.3011,0.1035,1.4013,0.1937,1.3612,0.1360,1.3091,0.0886
Murcia,spring,12,125,258,1.3054,0.0998,1.4052,0.1903,1.3711,0.1248,1.3178,0.0836
Murcia,spring,13,135,229,1.3113,0.0981,1.4123,0.1903,1.3739,0.1232,1.3203,0.0815
Murcia,spring,14,145,169,1.3115,0.0906,1.4163,0.1751,1.3720,0.1158,1.3203,0.0760
Murcia,spring,15,155,109,1.3104,0.0901,1.4123,0.1751,1.3750,0.1120,1.3240,0.0833
Murcia,autumn,22,225,117,1.2549,0.0629,1.3822,0.1097,1.3047,0.0753,1.2349,0.0481
Murcia,autumn,23,235,167,1.2605,0.0704,1.4030,0.1319,1.3071,0.0829,1.2436,0.0528
Murcia,autumn,24,245,217,1.2754,0.0809,1.4329,0.1732,1.3295,0.1033,1.2587,0.0602
Murcia,autumn,25,255,226,1.2888,0.0928,1.4403,0.1824,1.3393,0.1241,1.2736,0.0705
Murcia,autumn,26,265,216,1.3132,0.1127,1.4566,0.2214,1.3833,0.1445,1.3067,0.0894
Murcia,autumn,27,275,215,1.3252,0.1244,1.4579,0.2548,1.4023,0.1606,1.3240,0.1055
Murcia,autumn,28,285,215,1.3304,0.1371,1.4782,0.2861,1.4025,0.1734,1.3222,0.1106
Murcia,autumn,29,295,215,1.3064,0.1282,1.4589,0.2781,1.3852,0.1697,1.3099,0.1023
Murcia,autumn,30,305,215,1.2501,0.1125,1.4532,0.2742,1.3513,0.1464,1.2572,0.0813
Murcia,autumn,31,315,206,1.1765,0.0892,1.3993,0.1797,1.2983,0.1162,1.1734,0.0584
Murcia,autumn,32,325,156,1.1254,0.0703,1.3253,0.1586,1.2154,0.0855,1.1174,0.0470
Murcia,autumn,33,335,106,1.0527,0.0440,1.1863,0.0865,1.1227,0.0560,1.0509,0.0336
Málaga,spring,3,35,66,1.3023,0.0322,1.4306,0.0587,1.3731,0.0390,1.3082,0.0287
Málaga,spring,4,45,126,1.3330,0.0401,1.4693,0.0736,1.3913,0.0473,1.3383,0.0311
Málaga,spring,5,55,186,1.3694,0.0641,1.5166,0.1452,1.4398,0.0853,1.3609,0.0428
Málaga,spring,6,65,246,1.3863,0.0695,1.5379,0.1452,1.4623,0.0945,1.3811,0.0548
Málaga,spring,7,75,258,1.4243,0.0862,1.5682,0.1704,1.5027,0.1191,1.4149,0.0724
Málaga,spring,8,85,258,1.4521,0.0998,1.5911,0.1803,1.5247,0.1337,1.4421,0.0850
Málaga,spring,9,95,258,1.4621,0.1087,1.6028,0.2014,1.5388,0.1413,1.4533,0.0892
Málaga,spring,10,105,258,1.4701,0.1079,1.6038,0.2042,1.5487,0.1391,1.4729,0.0874
Málaga,spring,11,115,258,1.4738,0.1106,1.6167,0.2014,1.5588,0.1432,1.4690,0.0898
Málaga,spring,12,125,258,1.4715,0.1130,1.6289,0.2159,1.5597,0.1500,1.4651,0.0941
Málaga,spring,13,135,229,1.4660,0.1068,1.6373,0.2147,1.5631,0.1417,1.4517,0.0814
Málaga,spring,14,145,169,1.4684,0.1067,1.6391,0.2105,1.5813,0.1430,1.4530,0.0846
Málaga,spring,15,155,109,1.4616,0.1087,1.6509,0.2358,1.5774,0.1473,1.4460,0.0781
Málaga,autumn,22,225,117,1.3256,0.0716,1.5433,0.1517,1.4129,0.0892,1.2842,0.0451
Málaga,autumn,23,235,167,1.3426,0.0797,1.5592,0.1853,1.4233,0.0924,1.3257,0.0501
Málaga,autumn,24,245,217,1.3595,0.0867,1.5559,0.1929,1.4343,0.1072,1.3471,0.0579
Málaga,autumn,25,255,226,1.3748,0.0984,1.5562,0.2376,1.4634,0.1318,1.3610,0.0629
Málaga,autumn,26,265,216,1.3979,0.1154,1.5643,0.2519,1.4756,0.1511,1.3887,0.0843
Málaga,autumn,27,275,215,1.4038,0.1227,1.5615,0.2595,1.4789,0.1632,1.3933,0.0905
Málaga,autumn,28,285,215,1.4054,0.1263,1.5681,0.2612,1.4799,0.1643,1.3997,0.0925
Málaga,autumn,29,295,215,1.4003,0.1213,1.5643,0.2586,1.4698,0.1537,1.3969,0.0911
Málaga,autumn,30,305,215,1.3861,0.1032,1.5369,0.2266,1.4539,0.1265,1.3864,0.0758
Málaga,autumn,31,315,206,1.3697,0.0884,1.5176,0.1866,1.4496,0.1103,1.3732,0.0688
Málaga,autumn,32,325,156,1.3513,0.0729,1.4775,0.1432,1.4342,0.0936,1.3615,0.0547
Málaga,autumn,33,335,106,1.3281,0.0533,1.4662,0.0969,1.4207,0.0737,1.3289,0.0436
Nice,spring,3,35,66,0.9517,0.0301,1.2067,0.0471,1.0721,0.0366,0.9224,0.0247
Nice,spring,4,45,126,1.0307,0.0352,1.2877,0.0668,1.1572,0.0405,1.0210,0.0276
Nice,spring,5,55,186,1.1435,0.0723,1.5196,0.1854,1.3015,0.1074,1.1186,0.0391
Nice,spring,6,65,246,1.2044,0.0871,1.5955,0.2004,1.4157,0.1348,1.1843,0.0518
Nice,spring,7,75,258,1.3307,0.1152,1.7173,0.2291,1.5284,0.1746,1.3079,0.0864
Nice,spring,8,85,258,1.3997,0.1336,1.7173,0.2375,1.5641,0.1800,1.4057,0.1139
Nice,spring,9,95,258,1.4200,0.1343,1.7090,0.2433,1.5622,0.1755,1.4338,0.1156
Nice,spring,10,105,258,1.4319,0.1219,1.6901,0.2308,1.5593,0.1674,1.4209,0.1007
Nice,spring,11,115,258,1.4009,0.1070,1.6059,0.2081,1.4947,0.1463,1.3860,0.0880
Nice,spring,12,125,258,1.3506,0.0875,1.5738,0.1867,1.4534,0.1169,1.3432,0.0666
Nice,spring,13,135,229,1.3227,0.0787,1.5510,0.1779,1.4195,0.1012,1.3065,0.0553
Nice,spring,14,145,169,1.2931,0.0734,1.5313,0.1603,1.3739,0.0874,1.2717,0.0526
Nice,spring,15,155,109,1.2443,0.0698,1.4484,0.1458,1.2886,0.0826,1.2099,0.0492
Nice,autumn,22,225,117,1.1959,0.0427,1.3915,0.0801,1.3094,0.0522,1.1908,0.0372
Nice,autumn,23,235,167,1.2354,0.0478,1.4230,0.0885,1.3416,0.0584,1.2475,0.0434
Nice,autumn,24,245,217,1.2893,0.0567,1.5417,0.1058,1.3996,0.0713,1.2856,0.0448
Nice,autumn,25,255,226,1.3781,0.0655,1.6616,0.1278,1.5060,0.0870,1.3433,0.0508
Nice,autumn,26,265,216,1.4845,0.0855,1.7879,0.1766,1.6596,0.1131,1.4512,0.0618
Nice,autumn,27,275,215,1.5755,0.1052,1.8815,0.2195,1.7335,0.1401,1.5874,0.0757
Nice,autumn,28,285,215,1.6186,0.1105,1.9128,0.2195,1.7683,0.1470,1.6192,0.0887
Nice,autumn,29,295,215,1.5598,0.1043,1.9043,0.2168,1.7443,0.1448,1.5897,0.0782
Nice,autumn,30,305,215,1.4061,0.0886,1.8477,0.1954,1.6771,0.1150,1.4684,0.0630
Nice,autumn,31,315,206,1.2244,0.0670,1.7388,0.1440,1.5344,0.0819,1.1889,0.0420
Nice,autumn,32,325,156,1.0721,0.0463,1.5103,0.0996,1.2805,0.0558,1.0202,0.0326
Nice,autumn,33,335,106,0.9147,0.0341,1.1867,0.0618,1.0316,0.0396,0.8875,0.0254
Palma,spring,3,35,66,1.1938,0.0328,1.3349,0.0641,1.2829,0.0368,1.1993,0.0259
Palma,spring,4,45,126,1.2541,0.0419,1.4193,0.0931,1.3355,0.0502,1.2496,0.0310
Palma,spring,5,55,186,1.3118,0.0787,1.5142,0.1909,1.4222,0.1122,1.3120,0.0420
Palma,spring,6,65,246,1.3343,0.0868,1.5325,0.2036,1.4356,0.1245,1.3362,0.0575
Palma,spring,7,75,258,1.3830,0.1054,1.5560,0.2343,1.4861,0.1417,1.3774,0.0822
Palma,spring,8,85,258,1.3999,0.1158,1.5546,0.2413,1.4996,0.1542,1.4109,0.0994
Palma,spring,9,95,258,1.4067,0.1160,1.5681,0.2297,1.5006,0.1479,1.4197,0.1003
Palma,spring,10,105,258,1.4156,0.1100,1.5831,0.2188,1.5063,0.1379,1.4318,0.0923
Palma,spring,11,115,258,1.4247,0.1095,1.5855,0.2199,1.5138,0.1400,1.4370,0.0887
Palma,spring,12,125,258,1.4197,0.0986,1.5759,0.2098,1.4990,0.1255,1.4191,0.0757
Palma,spring,13,135,229,1.4179,0.0947,1.5756,0.2099,1.4986,0.1220,1.4180,0.0664
Palma,spring,14,145,169,1.3981,0.0827,1.5535,0.1742,1.4895,0.1011,1.3986,0.0536
Palma,spring,15,155,109,1.3809,0.0770,1.5256,0.1688,1.4622,0.0957,1.3828,0.0516
Palma,autumn,22,225,117,1.3505,0.0529,1.4576,0.0961,1.4094,0.0610,1.3504,0.0444
Palma,autumn,23,235,167,1.3558,0.0572,1.4730,0.1136,1.4195,0.0679,1.3596,0.0447
Palma,autumn,24,245,217,1.3668,0.0656,1.5311,0.1349,1.4390,0.0863,1.3617,0.0505
Palma,autumn,25,255,226,1.3780,0.0713,1.5590,0.1380,1.4632,0.1004,1.3669,0.0545
Palma,autumn,26,265,216,1.4096,0.0926,1.6255,0.1808,1.5197,0.1173,1.4100,0.0676
Palma,autumn,27,275,215,1.4315,0.1055,1.6368,0.2292,1.5541,0.1338,1.4307,0.0776
Palma,autumn,28,285,215,1.4446,0.1161,1.6709,0.2576,1.5673,0.1459,1.4373,0.0776
Palma,autumn,29,295,215,1.4379,0.1125,1.6645,0.2631,1.5623,0.1461,1.4244,0.0679
Palma,autumn,30,305,215,1.3714,0.0956,1.6292,0.2292,1.5243,0.1164,1.3510,0.0556
Palma,autumn,31,315,206,1.3076,0.0773,1.5943,0.1762,1.4333,0.0865,1.2837,0.0470
Palma,autumn,32,325,156,1.2538,0.0601,1.4895,0.1169,1.3772,0.0612,1.2146,0.0401
Palma,autumn,33,335,106,1.1824,0.0409,1.3785,0.0663,1.2345,0.0471,1.1638,0.0323
Porto,spring,3,35,66,1.1534,0.0348,1.3434,0.0784,1.2364,0.0496,1.1156,0.0240
Porto,spring,4,45,126,1.1820,0.0398,1.3592,0.0857,1.2701,0.0546,1.1647,0.0313
Porto,spring,5,55,186,1.2174,0.0533,1.3928,0.1184,1.3208,0.0694,1.1969,0.0387
Porto,spring,6,65,246,1.2373,0.0628,1.4071,0.1341,1.3333,0.0772,1.2272,0.0433
Porto,spring,7,75,258,1.2758,0.0790,1.4478,0.1769,1.3557,0.0947,1.2628,0.0510
Porto,spring,8,85,258,1.2864,0.0899,1.4705,0.2162,1.3687,0.1206,1.2672,0.0575
Porto,spring,9,95,258,1.2898,0.1068,1.4760,0.2513,1.3743,0.1504,1.2706,0.0693
Porto,spring,10,105,258,1.2797,0.1076,1.4676,0.2513,1.3696,0.1501,1.2628,0.0669
Porto,spring,11,115,258,1.2698,0.1114,1.4536,0.2482,1.3624,0.1516,1.2466,0.0714
Porto,spring,12,125,258,1.2705,0.1240,1.4456,0.2635,1.3644,0.1689,1.2578,0.0869
Porto,spring,13,135,229,1.2634,0.1374,1.4280,0.2878,1.3495,0.1892,1.2562,0.1043
Porto,spring,14,145,169,1.2612,0.1396,1.4274,0.2903,1.3482,0.1985,1.2551,0.1110
Porto,spring,15,155,109,1.2690,0.1635,1.4348,0.3395,1.3576,0.2333,1.2612,0.1355
Porto,autumn,22,225,117,1.3203,0.1620,1.5078,0.3058,1.4226,0.2109,1.3077,0.1451
Porto,autumn,23,235,167,1.3166,0.1508,1.5078,0.2839,1.4228,0.1976,1.3046,0.1199
Porto,autumn,24,245,217,1.3425,0.1608,1.5422,0.3103,1.4407,0.2148,1.3173,0.1245
Porto,autumn,25,255,226,1.3391,0.1498,1.5679,0.3069,1.4502,0.1945,1.3170,0.1097
Porto,autumn,26,265,216,1.3550,0.1444,1.5809,0.3018,1.4709,0.1797,1.3321,0.1082
Porto,autumn,27,275,215,1.3612,0.1405,1.5880,0.3012,1.4792,0.1668,1.3465,0.1007
Porto,autumn,28,285,215,1.3364,0.1169,1.5313,0.2366,1.4203,0.1442,1.3193,0.0870
Porto,autumn,29,295,215,1.3046,0.1023,1.4862,0.2305,1.3971,0.1271,1.2906,0.0670
Porto,autumn,30,305,215,1.2678,0.0843,1.4570,0.1703,1.3597,0.0973,1.2592,0.0528
Porto,autumn,31,315,206,1.2175,0.0683,1.4185,0.1406,1.3223,0.0785,1.2258,0.0456
Porto,autumn,32,325,156,1.1822,0.0572,1.3874,0.1130,1.2725,0.0627,1.1825,0.0366
Porto,autumn,33,335,106,1.1289,0.0410,1.3134,0.0771,1.2167,0.0482,1.1141,0.0265
Salamanca,spring,3,35,66,1.0532,0.0249,1.2832,0.0553,1.1668,0.0330,1.0517,0.0130
Salamanca,spring,4,45,126,1.1061,0.0306,1.3175,0.0698,1.2202,0.0393,1.1191,0.0208
Salamanca,spring,5,55,186,1.1736,0.0512,1.4332,0.1142,1.2851,0.0663,1.1670,0.0338
Salamanca,spring,6,65,246,1.2284,0.0602,1.5205,0.1262,1.3630,0.0791,1.2190,0.0405
Salamanca,spring,7,75,258,1.3031,0.0722,1.6017,0.1631,1.4308,0.0918,1.2792,0.0525
Salamanca,spring,8,85,258,1.3684,0.0823,1.6776,0.1802,1.5254,0.1090,1.3557,0.0616
Salamanca,spring,9,95,258,1.4193,0.0914,1.6940,0.1956,1.6001,0.1251,1.4086,0.0670
Salamanca,spring,10,105,258,1.4350,0.0908,1.6919,0.1906,1.6161,0.1236,1.4370,0.0660
Salamanca,spring,11,115,258,1.4672,0.0919,1.6972,0.1813,1.6362,0.1242,1.4784,0.0700
Salamanca,spring,12,125,258,1.4691,0.0960,1.6919,0.1901,1.6302,0.1251,1.4784,0.0773
Salamanca,spring,13,135,229,1.4815,0.1006,1.6828,0.2026,1.6205,0.1290,1.5001,0.0857
Salamanca,spring,14,145,169,1.4795,0.0956,1.6731,0.1928,1.6164,0.1232,1.5139,0.0802
Salamanca,spring,15,155,109,1.4763,0.1026,1.6529,0.2040,1.5977,0.1287,1.5139,0.0894
Salamanca,autumn,22,225,117,1.7155,0.1166,1.8630,0.1989,1.7829,0.1494,1.7249,0.1116
Salamanca,autumn,23,235,167,1.6921,0.1189,1.8530,0.2139,1.7742,0.1525,1.7101,0.1083
Salamanca,autumn,24,245,217,1.6935,0.1285,1.8704,0.2499,1.7937,0.1637,1.7109,0.1116
Salamanca,autumn,25,255,226,1.6709,0.1229,1.8698,0.2355,1.7854,0.1519,1.6898,0.1020
Salamanca,autumn,26,265,216,1.6595,0.1297,1.8657,0.2495,1.7810,0.1668,1.6889,0.1056
Salamanca,autumn,27,275,215,1.6169,0.1208,1.8526,0.2326,1.7792,0.1603,1.6686,0.0958
Salamanca,autumn,28,285,215,1.5394,0.0952,1.7951,0.1827,1.7279,0.1342,1.5632,0.0801
Salamanca,autumn,29,295,215,1.4455,0.0749,1.7680,0.1666,1.6523,0.1043,1.4101,0.0539
Salamanca,autumn,30,305,215,1.2999,0.0558,1.6705,0.1480,1.4572,0.0702,1.2869,0.0325
Salamanca,autumn,31,315,206,1.1677,0.0389,1.4658,0.0861,1.3341,0.0533,1.1884,0.0204
Salamanca,autumn,32,325,156,1.0972,0.0289,1.3757,0.0617,1.2400,0.0312,1.1256,0.0165
Salamanca,autumn,33,335,106,0.9999,0.0201,1.2424,0.0358,1.1548,0.0201,0.9521,0.0134
Santander,spring,3,35,66,1.1774,0.0515,1.3423,0.1032,1.2149,0.0597,1.1522,0.0375
Santander,spring,4,45,126,1.2029,0.0539,1.4006,0.1053,1.2417,0.0646,1.1696,0.0386
Santander,spring,5,55,186,1.2440,0.0748,1.4545,0.1609,1.3380,0.0986,1.2187,0.0510
Santander,spring,6,65,246,1.2684,0.0813,1.4743,0.1711,1.3724,0.1050,1.2440,0.0624
Santander,spring,7,75,258,1.3065,0.0927,1.5284,0.1930,1.3993,0.1160,1.2954,0.0712
Santander,spring,8,85,258,1.3236,0.0997,1.5133,0.1998,1.4071,0.1310,1.3290,0.0827
Santander,spring,9,95,258,1.3257,0.1012,1.5299,0.1998,1.4202,0.1344,1.3331,0.0820
Santander,spring,10,105,258,1.3131,0.0951,1.5160,0.1927,1.4180,0.1293,1.3054,0.0751
Santander,spring,11,115,258,1.3139,0.0979,1.5081,0.2040,1.4183,0.1371,1.3124,0.0740
Santander,spring,12,125,258,1.2981,0.0970,1.5008,0.2127,1.4170,0.1367,1.2776,0.0643
Santander,spring,13,135,229,1.3093,0.1070,1.5069,0.2509,1.4214,0.1480,1.2930,0.0719
Santander,spring,14,145,169,1.3059,0.1078,1.4961,0.2613,1.4214,0.1485,1.2887,0.0643
Santander,spring,15,155,109,1.3087,0.1152,1.5169,0.2993,1.4214,0.1746,1.2906,0.0623
Santander,autumn,22,225,117,1.3389,0.1081,1.4445,0.1782,1.3992,0.1302,1.3398,0.0970
Santander,autumn,23,235,167,1.3299,0.1088,1.4417,0.1821,1.3956,0.1332,1.3344,0.0981
Santander,autumn,24,245,217,1.3267,0.1091,1.4490,0.1883,1.3911,0.1354,1.3259,0.0985
Santander,autumn,25,255,226,1.3166,0.1087,1.4482,0.2124,1.3842,0.1353,1.3113,0.0909
Santander,autumn,26,265,216,1.3114,0.1074,1.4398,0.2116,1.3731,0.1353,1.3113,0.0915
Santander,autumn,27,275,215,1.3050,0.1050,1.4339,0.2018,1.3723,0.1349,1.3067,0.0894
Santander,autumn,28,285,215,1.3035,0.1023,1.4225,0.1866,1.3637,0.1263,1.2977,0.0863
Santander,autumn,29,295,215,1.2887,0.0954,1.4171,0.1604,1.3555,0.1225,1.2852,0.0785
Santander,autumn,30,305,215,1.2623,0.0850,1.4068,0.1487,1.3423,0.1051,1.2709,0.0638
Santander,autumn,31,315,206,1.2344,0.0766,1.3934,0.1457,1.3073,0.0933,1.2384,0.0563
Santander,autumn,32,325,156,1.2134,0.0716,1.3953,0.1381,1.2902,0.0798,1.1954,0.0484
Santander,autumn,33,335,106,1.1828,0.0600,1.3595,0.1197,1.2527,0.0660,1.1644,0.0405
Sevilla,spring,3,35,66,0.9636,0.0252,1.0954,0.0455,1.0096,0.0310,0.9531,0.0204
Sevilla,spring,4,45,126,1.0090,0.0336,1.1340,0.0692,1.0817,0.0422,1.0094,0.0277
Sevilla,spring,5,55,186,1.0485,0.0535,1.1621,0.1199,1.1180,0.0701,1.0526,0.0363
Sevilla,spring,6,65,246,1.0707,0.0594,1.2117,0.1326,1.1390,0.0792,1.0766,0.0414
Sevilla,spring,7,75,258,1.1172,0.0758,1.2524,0.1561,1.1796,0.1115,1.1164,0.0571
Sevilla,spring,8,85,258,1.1483,0.0890,1.2716,0.1714,1.2163,0.1236,1.1439,0.0748
Sevilla,spring,9,95,258,1.1670,0.0955,1.2796,0.1813,1.2265,0.1271,1.1683,0.0843
Sevilla,spring,10,105,258,1.1735,0.0926,1.2761,0.1831,1.2306,0.1216,1.1776,0.0751
Sevilla,spring,11,115,258,1.1812,0.0909,1.2759,0.1766,1.2338,0.1181,1.1832,0.0720
Sevilla,spring,12,125,258,1.1918,0.0892,1.2932,0.1648,1.2391,0.1185,1.1886,0.0715
Sevilla,spring,13,135,229,1.1960,0.0872,1.2821,0.1545,1.2417,0.1152,1.1922,0.0718
Sevilla,spring,14,145,169,1.2037,0.0856,1.2926,0.1469,1.2446,0.1145,1.2011,0.0723
Sevilla,spring,15,155,109,1.2128,0.0894,1.3043,0.1536,1.2528,0.1237,1.2090,0.0751
Sevilla,autumn,22,225,117,1.2473,0.0851,1.4691,0.1857,1.3371,0.1173,1.2006,0.0644
Sevilla,autumn,23,235,167,1.2456,0.0923,1.4528,0.1956,1.3333,0.1322,1.2088,0.0664
Sevilla,autumn,24,245,217,1.2500,0.1042,1.4462,0.2222,1.3454,0.1503,1.2315,0.0817
Sevilla,autumn,25,255,226,1.2511,0.1153,1.4217,0.2273,1.3420,0.1732,1.2431,0.0917
Sevilla,autumn,26,265,216,1.2642,0.1360,1.4178,0.2579,1.3534,0.1939,1.2825,0.1264
Sevilla,autumn,27,275,215,1.2565,0.1379,1.4058,0.2594,1.3475,0.1939,1.2838,0.1287
Sevilla,autumn,28,285,215,1.2271,0.1194,1.3844,0.2283,1.3245,0.1666,1.2489,0.1050
Sevilla,autumn,29,295,215,1.1836,0.0992,1.3480,0.2068,1.2955,0.1422,1.1801,0.0770
Sevilla,autumn,30,305,215,1.1065,0.0714,1.3104,0.1622,1.2153,0.0970,1.1065,0.0464
Sevilla,autumn,31,315,206,1.0380,0.0528,1.2348,0.1048,1.1467,0.0595,1.0515,0.0353
Sevilla,autumn,32,325,156,0.9985,0.0427,1.1812,0.0834,1.1056,0.0477,1.0045,0.0314
Sevilla,autumn,33,335,106,0.9392,0.0313,1.1053,0.0550,1.0218,0.0393,0.9641,0.0257
Toulouse,spring,3,35,66,0.8564,0.0403,1.0466,0.0779,0.9474,0.0425,0.8459,0.0229
Toulouse,spring,4,45,126,0.8590,0.0374,1.0377,0.0684,0.9428,0.0440,0.8465,0.0249
Toulouse,spring,5,55,186,0.9085,0.0622,1.1010,0.1354,1.0239,0.0734,0.9123,0.0375
Toulouse,spring,6,65,246,0.9295,0.0729,1.1178,0.1553,1.0376,0.0940,0.9312,0.0454
Toulouse,spring,7,75,258,0.9636,0.0836,1.1244,0.1669,1.0634,0.1098,0.9672,0.0566
Toulouse,spring,8,85,258,0.9900,0.0917,1.1290,0.1712,1.0731,0.1192,1.0069,0.0695
Toulouse,spring,9,95,258,1.0083,0.0944,1.1633,0.1967,1.0925,0.1215,1.0188,0.0754
Toulouse,spring,10,105,258,1.0233,0.0933,1.1771,0.1966,1.1119,0.1192,1.0253,0.0750
Toulouse,spring,11,115,258,1.0369,0.1003,1.1908,0.2087,1.1239,0.1281,1.0437,0.0783
Toulouse,spring,12,125,258,1.0497,0.1022,1.1988,0.2183,1.1423,0.1335,1.0514,0.0751
Toulouse,spring,13,135,229,1.0724,0.1148,1.2074,0.2359,1.1535,0.1525,1.0799,0.0819
Toulouse,spring,14,145,169,1.0725,0.1171,1.2119,0.2583,1.1552,0.1562,1.0725,0.0792
Toulouse,spring,15,155,109,1.0729,0.1168,1.2153,0.2682,1.1577,0.1525,1.0936,0.0792
Toulouse,autumn,22,225,117,1.1237,0.1154,1.1852,0.2147,1.1653,0.1525,1.1207,0.0862
Toulouse,autumn,23,235,167,1.1231,0.1139,1.1837,0.2101,1.1632,0.1436,1.1206,0.0925
Toulouse,autumn,24,245,217,1.1112,0.1118,1.1784,0.2069,1.1501,0.1409,1.1125,0.0925
Toulouse,autumn,25,255,226,1.0972,0.1072,1.1746,0.1967,1.1445,0.1321,1.1052,0.0893
Toulouse,autumn,26,265,216,1.0810,0.1092,1.1658,0.1935,1.1320,0.1396,1.0937,0.0921
Toulouse,autumn,27,275,215,1.0711,0.1099,1.1606,0.1916,1.1243,0.1396,1.0743,0.0928
Toulouse,autumn,28,285,215,1.0635,0.1073,1.1623,0.1926,1.1181,0.1320,1.0623,0.0867
Toulouse,autumn,29,295,215,1.0374,0.0961,1.1593,0.1883,1.1109,0.1225,1.0466,0.0763
Toulouse,autumn,30,305,215,1.0056,0.0862,1.1644,0.1773,1.1068,0.1089,1.0161,0.0601
Toulouse,autumn,31,315,206,0.9455,0.0711,1.1689,0.1329,1.0796,0.0832,0.9701,0.0384
Toulouse,autumn,32,325,156,0.9081,0.0630,1.1605,0.1275,1.0393,0.0719,0.9180,0.0329
Toulouse,autumn,33,335,106,0.8495,0.0523,1.0946,0.1128,0.9725,0.0464,0.8529,0.0258
Valencia,spring,3,35,66,1.1276,0.0308,1.2761,0.0571,1.1956,0.0331,1.1277,0.0286
Valencia,spring,4,45,126,1.1638,0.0400,1.3175,0.0789,1.2536,0.0468,1.1769,0.0304
Valencia,spring,5,55,186,1.2314,0.0698,1.4089,0.1712,1.3431,0.1013,1.2314,0.0407
Valencia,spring,6,65,246,1.2644,0.0796,1.4605,0.1806,1.3774,0.1157,1.2701,0.0547
Valencia,spring,7,75,258,1.3121,0.0904,1.4968,0.1863,1.4073,0.1227,1.3176,0.0687
Valencia,spring,8,85,258,1.3486,0.1014,1.5075,0.1912,1.4413,0.1331,1.3568,0.0812
Valencia,spring,9,95,258,1.3697,0.1088,1.5205,0.2118,1.4654,0.1515,1.3829,0.0868
Valencia,spring,10,105,258,1.3731,0.1013,1.5176,0.1925,1.4748,0.1314,1.3867,0.0816
Valencia,spring,11,115,258,1.3942,0.1066,1.5211,0.2077,1.4816,0.1392,1.4067,0.0889
Valencia,spring,12,125,258,1.4059,0.1058,1.5254,0.2108,1.4853,0.1392,1.4244,0.0898
Valencia,spring,13,135,229,1.4133,0.1066,1.5225,0.2030,1.4868,0.1388,1.4276,0.0927
Valencia,spring,14,145,169,1.4185,0.1034,1.5274,0.1988,1.4937,0.1388,1.4350,0.0892
Valencia,spring,15,155,109,1.4208,0.1066,1.5311,0.2049,1.4952,0.1448,1.4466,0.0887
Valencia,autumn,22,225,117,1.3407,0.0658,1.4743,0.1204,1.3875,0.0714,1.3289,0.0519
Valencia,autumn,23,235,167,1.3431,0.0699,1.4846,0.1246,1.3870,0.0809,1.3370,0.0549
Valencia,autumn,24,245,217,1.3561,0.0766,1.5034,0.1467,1.4220,0.0953,1.3465,0.0603
Valencia,autumn,25,255,226,1.3705,0.0862,1.5480,0.1649,1.4460,0.1090,1.3592,0.0642
Valencia,autumn,26,265,216,1.4009,0.1039,1.5701,0.1913,1.4852,0.1286,1.3999,0.0845
Valencia,autumn,27,275,215,1.4134,0.1131,1.5847,0.2122,1.4986,0.1391,1.4268,0.0931
Valencia,autumn,28,285,215,1.4126,0.1213,1.5947,0.2422,1.5095,0.1504,1.4136,0.0953
Valencia,autumn,29,295,215,1.3911,0.1127,1.5695,0.2122,1.4837,0.1482,1.3874,0.0896
Valencia,autumn,30,305,215,1.3289,0.0967,1.5376,0.1914,1.4430,0.1327,1.3234,0.0725
Valencia,autumn,31,315,206,1.2596,0.0782,1.4855,0.1720,1.3758,0.1004,1.2496,0.0552
Valencia,autumn,32,325,156,1.2144,0.0623,1.4283,0.1327,1.3188,0.0808,1.2016,0.0405
Valencia,autumn,33,335,106,1.1438,0.0411,1.3076,0.0835,1.2148,0.0482,1.1242,0.0307
Valladolid,spring,3,35,66,1.0935,0.0266,1.3245,0.0610,1.2064,0.0320,1.0747,0.0160
Valladolid,spring,4,45,126,1.1570,0.0327,1.3953,0.0761,1.2589,0.0386,1.1524,0.0228
Valladolid,spring,5,55,186,1.2353,0.0552,1.5196,0.1303,1.3549,0.0756,1.2177,0.0346
Valladolid,spring,6,65,246,1.2936,0.0635,1.6590,0.1399,1.4420,0.0858,1.2762,0.0413
Valladolid,spring,7,75,258,1.3758,0.0741,1.7096,0.1593,1.5266,0.0969,1.3443,0.0512
Valladolid,spring,8,85,258,1.4519,0.0850,1.7576,0.1702,1.6553,0.1109,1.4389,0.0618
Valladolid,spring,9,95,258,1.5024,0.0900,1.8015,0.1769,1.7016,0.1218,1.5003,0.0675
Valladolid,spring,10,105,258,1.5196,0.0877,1.8014,0.1758,1.7151,0.1209,1.5622,0.0661
Valladolid,spring,11,115,258,1.5587,0.0907,1.8087,0.1769,1.7382,0.1233,1.5886,0.0688
Valladolid,spring,12,125,258,1.5572,0.0928,1.8056,0.1799,1.7318,0.1274,1.5864,0.0756
Valladolid,spring,13,135,229,1.5776,0.1020,1.8011,0.2080,1.7399,0.1477,1.6057,0.0839
Valladolid,spring,14,145,169,1.5682,0.0989,1.7951,0.2046,1.7224,0.1459,1.6000,0.0841
Valladolid,spring,15,155,109,1.5631,0.1081,1.7810,0.2155,1.7082,0.1507,1.6098,0.0935
Valladolid,autumn,22,225,117,1.7801,0.1074,1.9184,0.1752,1.8570,0.1363,1.7795,0.0910
Valladolid,autumn,23,235,167,1.7548,0.1056,1.9040,0.1817,1.8463,0.1384,1.7589,0.0907
Valladolid,autumn,24,245,217,1.7566,0.1160,1.9247,0.2090,1.8590,0.1429,1.7688,0.0944
Valladolid,autumn,25,255,226,1.7306,0.1132,1.9184,0.2025,1.8404,0.1365,1.7483,0.0935
Valladolid,autumn,26,265,216,1.7072,0.1095,1.8935,0.1983,1.8169,0.1314,1.7344,0.0901
Valladolid,autumn,27,275,215,1.6618,0.1013,1.8912,0.1881,1.8062,0.1267,1.7078,0.0828
Valladolid,autumn,28,285,215,1.5831,0.0806,1.8300,0.1376,1.7514,0.1157,1.6142,0.0701
Valladolid,autumn,29,295,215,1.4982,0.0679,1.7942,0.1327,1.6939,0.0935,1.4639,0.0536
Valladolid,autumn,30,305,215,1.3596,0.0539,1.6972,0.1226,1.5219,0.0726,1.3509,0.0348
Valladolid,autumn,31,315,206,1.2283,0.0403,1.5776,0.0929,1.4027,0.0518,1.2549,0.0229
Valladolid,autumn,32,325,156,1.1577,0.0322,1.4469,0.0710,1.3156,0.0333,1.1663,0.0187
Valladolid,autumn,33,335,106,1.0574,0.0221,1.3003,0.0351,1.1926,0.0235,1.0241,0.0152
Vigo,spring,3,35,66,1.1637,0.0425,1.4360,0.1020,1.2419,0.0549,1.1171,0.0252
Vigo,spring,4,45,126,1.1945,0.0462,1.4360,0.0991,1.2773,0.0578,1.1811,0.0341
Vigo,spring,5,55,186,1.2339,0.0620,1.4464,0.1386,1.3255,0.0849,1.2268,0.0436
Vigo,spring,6,65,246,1.2506,0.0690,1.4436,0.1506,1.3408,0.0915,1.2515,0.0510
Vigo,spring,7,75,258,1.2866,0.0866,1.4666,0.1922,1.3702,0.1136,1.2786,0.0635
Vigo,spring,8,85,258,1.3026,0.0976,1.4669,0.2095,1.3770,0.1360,1.2879,0.0721
Vigo,spring,9,95,258,1.3003,0.1085,1.4572,0.2364,1.3770,0.1499,1.2903,0.0775
Vigo,spring,10,105,258,1.2975,0.1160,1.4665,0.2460,1.3770,0.1502,1.2839,0.0786
Vigo,spring,11,115,258,1.2953,0.1184,1.4634,0.2575,1.3635,0.1596,1.2789,0.0780
Vigo,spring,12,125,258,1.2781,0.1253,1.4239,0.2684,1.3485,0.1660,1.2609,0.0870
Vigo,spring,13,135,229,1.2647,0.1405,1.4144,0.3187,1.3264,0.1988,1.2482,0.1006
Vigo,spring,14,145,169,1.2576,0.1416,1.3803,0.2999,1.3201,0.2132,1.2395,0.1115
Vigo,spring,15,155,109,1.2461,0.1582,1.3955,0.3135,1.3150,0.2305,1.2358,0.1327
Vigo,autumn,22,225,117,1.3239,0.1586,1.4782,0.2635,1.3991,0.2226,1.3313,0.1435
Vigo,autumn,23,235,167,1.3186,0.1481,1.4839,0.2535,1.3978,0.2083,1.3196,0.1292
Vigo,autumn,24,245,217,1.3370,0.1552,1.5264,0.2833,1.4227,0.2138,1.3337,0.1340
Vigo,autumn,25,255,226,1.3212,0.1389,1.5372,0.2682,1.4131,0.1854,1.3128,0.0989
Vigo,autumn,26,265,216,1.3278,0.1306,1.5289,0.2463,1.4224,0.1810,1.3131,0.0965
Vigo,autumn,27,275,215,1.3246,0.1308,1.5271,0.2482,1.4193,0.1812,1.3168,0.0937
Vigo,autumn,28,285,215,1.3069,0.1153,1.4612,0.2058,1.3889,0.1478,1.2986,0.0891
Vigo,autumn,29,295,215,1.2906,0.1138,1.4612,0.2129,1.3624,0.1496,1.2746,0.0847
Vigo,autumn,30,305,215,1.2597,0.1052,1.4545,0.2115,1.3440,0.1415,1.2495,0.0719
Vigo,autumn,31,315,206,1.2166,0.0901,1.4327,0.1901,1.3239,0.1103,1.2069,0.0578
Vigo,autumn,32,325,156,1.1895,0.0837,1.4132,0.1839,1.2848,0.1015,1.1772,0.0447
Vigo,autumn,33,335,106,1.1299,0.0642,1.3203,0.1507,1.2250,0.0802,1.1177,0.0373
Zaragoza,spring,3,35,66,1.1252,0.0302,1.4190,0.0654,1.2914,0.0372,1.1227,0.0209
Zaragoza,spring,4,45,126,1.1625,0.0345,1.4406,0.0761,1.3399,0.0411,1.2023,0.0250
Zaragoza,spring,5,55,186,1.2427,0.0620,1.5511,0.1444,1.4355,0.0785,1.2707,0.0366
Zaragoza,spring,6,65,246,1.2769,0.0661,1.6271,0.1630,1.4708,0.0873,1.2971,0.0404
Zaragoza,spring,7,75,258,1.3346,0.0752,1.7002,0.1761,1.5479,0.1085,1.3542,0.0479
Zaragoza,spring,8,85,258,1.3952,0.0824,1.7260,0.1761,1.6178,0.1153,1.4468,0.0614
Zaragoza,spring,9,95,258,1.4216,0.0837,1.7418,0.1795,1.6524,0.1182,1.4988,0.0654
Zaragoza,spring,10,105,258,1.4416,0.0815,1.7454,0.1750,1.6648,0.1150,1.5262,0.0659
Zaragoza,spring,11,115,258,1.4841,0.0899,1.7549,0.1983,1.6787,0.1241,1.5669,0.0742
Zaragoza,spring,12,125,258,1.4885,0.0933,1.7573,0.2012,1.6861,0.1349,1.5473,0.0773
Zaragoza,spring,13,135,229,1.5173,0.0993,1.7599,0.2050,1.6798,0.1417,1.5728,0.0825
Zaragoza,spring,14,145,169,1.5108,0.0970,1.7599,0.1951,1.6774,0.1404,1.5587,0.0823
Zaragoza,spring,15,155,109,1.5111,0.1006,1.7531,0.2072,1.6541,0.1383,1.5481,0.0829
Zaragoza,autumn,22,225,117,1.7349,0.1631,1.8992,0.3200,1.8188,0.2110,1.7488,0.1308
Zaragoza,autumn,23,235,167,1.7136,0.1507,1.8854,0.2902,1.8012,0.1951,1.7307,0.1242
Zaragoza,autumn,24,245,217,1.7032,0.1471,1.8823,0.2807,1.7981,0.1946,1.7277,0.1227
Zaragoza,autumn,25,255,226,1.6765,0.1301,1.8435,0.2422,1.7729,0.1629,1.6884,0.1089
Zaragoza,autumn,26,265,216,1.6639,0.1223,1.8334,0.2142,1.7649,0.1564,1.6820,0.1082
Zaragoza,autumn,27,275,215,1.6512,0.1236,1.8375,0.2276,1.7642,0.1612,1.6638,0.1082
Zaragoza,autumn,28,285,215,1.6106,0.1127,1.8036,0.1957,1.7250,0.1514,1.6231,0.0971
Zaragoza,autumn,29,295,215,1.5459,0.0996,1.7785,0.1914,1.6851,0.1430,1.5545,0.0779
Zaragoza,autumn,30,305,215,1.4225,0.0790,1.7169,0.1727,1.5874,0.1081,1.4343,0.0559
Zaragoza,autumn,31,315,206,1.2905,0.0611,1.6214,0.1393,1.4754,0.0759,1.3046,0.0408
Zaragoza,autumn,32,325,156,1.2093,0.0477,1.4962,0.1095,1.3705,0.0550,1.2307,0.0297
Zaragoza,autumn,33,335,106,1.1072,0.0368,1.3256,0.0690,1.2550,0.0370,1.1194,0.0225
