radar,night,ws_10m,tail_10m,cross_10m,tail0_10m,ws_100m,tail_100m,cross_100m,tail0_100m,ws_925hPa,tail_925hPa,cross_925hPa,tail0_925hPa,ws_850hPa,tail_850hPa,cross_850hPa,tail0_850hPa,ws_700hPa,tail_700hPa,cross_700hPa,tail0_700hPa,t2m,rh2m,pmsl,precip,precip_h,cloud,t850,gh850,dt850_24,dp24,dt24,doy,year,doy_sin,doy_cos,lat,lon,season,pred,p_alert,country,level,percentile,city
Madrid,2026-10-06,1.2545,-0.9731,0.6237,-0.5229,2.9645,-2.5304,1.3252,-1.6906,2.9291,-2.3354,1.4752,-1.3966,4.2309,-3.4927,2.2294,-2.6845,9.2264,-7.9212,4.2527,-9.7085,15.4000,92.0000,1014.8727,5.7000,0.9091,93.3636,10.6091,1497.3636,,,,279,2026,-0.9962,0.0870,40.4168,-3.7038,autumn,1.4919,0.1576,ES,moderate,0.5000,Madrid
Madrid,2026-10-07,1.8664,1.7985,0.3475,1.2084,7.9927,7.6133,1.7964,6.9174,7.7727,7.5333,1.2843,5.7211,9.2091,8.8641,2.4301,6.8948,3.9227,1.1882,3.5282,2.0061,16.3636,60.6364,1018.8182,0.0000,0.0000,65.9091,10.8909,1533.1818,-0.5758,1.7333,1.5000,280,2026,-0.9946,0.1041,40.4168,-3.7038,autumn,1.8923,0.1029,ES,low,0.0000,Madrid
Madrid,2026-10-08,1.3691,1.2257,0.3982,2.2676,5.1145,4.5590,1.7183,7.6431,6.2745,5.6592,1.8744,9.6758,6.1236,5.6186,1.6572,8.4989,4.8855,4.7538,0.9488,4.5540,11.5273,62.0000,1025.7000,0.0000,0.0000,1.0909,6.6455,1566.9091,-5.2545,8.0000,-3.7333,281,2026,-0.9926,0.1212,40.4168,-3.7038,autumn,1.9715,0.1233,ES,moderate,0.5000,Madrid
Madrid,2026-10-09,0.7991,0.1766,0.6572,-0.2142,2.1255,1.1774,1.1853,-0.1927,2.2545,1.0877,1.3384,-0.3341,2.6045,2.4397,0.7788,2.9797,5.6718,5.5919,0.7242,6.3664,12.3727,69.4545,1022.1000,0.0000,0.0000,23.0909,11.6000,1554.1818,4.5667,-2.7333,0.8667,282,2026,-0.9904,0.1383,40.4168,-3.7038,autumn,1.9942,0.1757,ES,high,0.7500,Madrid
Madrid,2026-10-10,0.7900,0.2744,0.6655,0.1029,2.7655,1.7990,1.0754,0.3568,2.6727,1.6188,1.1874,0.3115,1.5373,0.5366,0.5809,1.5505,3.8518,-0.6737,3.5758,0.6158,14.7091,69.1818,1018.0364,0.0000,0.0000,19.4545,13.1364,1531.2727,2.1364,-3.8333,2.8333,283,2026,-0.9879,0.1553,40.4168,-3.7038,autumn,1.9198,0.1042,ES,moderate,0.5000,Madrid
Madrid,2026-10-11,0.7164,0.1625,0.5942,-0.2191,2.6382,1.6788,0.8866,-0.3269,2.6755,1.5092,1.0311,-0.3794,1.7609,0.8823,0.9859,0.6146,6.0836,3.5638,4.9076,3.1378,15.6000,68.3636,1017.2273,0.0000,0.0000,48.3636,13.3818,1526.7273,-0.5182,-1.9000,0.8333,284,2026,-0.9851,0.1722,40.4168,-3.7038,autumn,1.9646,0.1307,ES,moderate,0.5000,Madrid
Madrid,2026-10-12,0.7491,0.5641,0.4552,0.3198,1.9755,1.8458,0.5382,0.6674,2.2473,2.1416,0.5546,0.9090,2.9600,0.1433,2.5836,1.6783,3.1018,2.6343,1.5059,3.5210,16.6000,71.9091,1023.7545,0.0000,0.0000,14.3636,15.4455,1588.6364,1.4455,6.0000,1.3000,285,2026,-0.9819,0.1892,40.4168,-3.7038,autumn,2.0494,0.3792,ES,very high,0.9000,Madrid
Madrid,2026-10-13,0.7745,0.6627,0.3621,0.5767,2.0545,1.3275,1.2473,1.9050,2.0218,1.0742,1.1863,1.7411,2.2509,0.4610,1.7176,0.0173,4.1609,1.7991,3.4283,3.4037,17.6364,72.5455,1028.0818,0.0000,0.0000,0.0000,15.8000,1628.7273,-0.1667,4.6000,1.0667,286,2026,-0.9785,0.2060,40.4168,-3.7038,autumn,1.9104,0.0952,ES,moderate,0.5000,Madrid
Barcelona,2026-10-06,1.3700,-0.8276,0.8512,-1.3584,2.0017,-1.4916,1.1162,-1.6394,6.8200,-6.1768,2.7225,-4.9758,8.3092,-7.4564,3.1959,-6.5788,12.9892,-10.7021,7.1212,-10.9450,21.1000,90.5833,1013.5250,7.8000,0.4167,100.0000,13.2000,1503.7500,,,,279,2026,-0.9962,0.0870,41.3874,2.1686,autumn,1.4578,0.0721,ES,low,0.0000,Barcelona
Barcelona,2026-10-07,2.7558,-0.9484,2.4631,-1.4986,5.5142,-0.6058,5.2910,-2.1935,8.3133,-0.3238,7.5442,-3.5034,8.1700,-3.0268,7.4825,-3.6657,9.4217,-4.7374,7.8997,-5.6758,20.6250,73.2500,1012.3500,0.0000,0.0000,13.0833,12.0917,1487.7500,-1.2417,-3.6333,0.5667,280,2026,-0.9946,0.1041,41.3874,2.1686,autumn,1.5916,0.0602,ES,low,0.0000,Barcelona
Barcelona,2026-10-08,3.2550,-2.3488,1.9122,-1.8470,4.3267,-2.8442,2.4582,-3.3039,6.3333,-5.2942,2.9381,-6.1562,7.2858,-3.4834,6.3311,-3.1430,9.9875,1.2252,9.0673,-2.4339,17.5167,79.7500,1020.4083,1.3000,0.2500,50.6667,7.4917,1531.5833,-4.5417,8.4667,-3.9667,281,2026,-0.9926,0.1212,41.3874,2.1686,autumn,1.7580,0.0603,ES,low,0.0000,Barcelona
Barcelona,2026-10-09,2.1933,0.3962,1.8725,-0.3090,2.6967,-0.0166,2.3480,-1.0449,3.6375,-1.3545,3.0037,-0.2391,1.9733,0.2315,1.5980,0.5191,10.1958,8.9786,4.5671,10.6035,16.8917,68.3333,1020.0417,0.0000,0.0000,17.2500,10.4167,1536.0833,2.5500,1.1333,0.5000,282,2026,-0.9904,0.1383,41.3874,2.1686,autumn,2.0340,0.2809,ES,very high,0.9000,Barcelona
Barcelona,2026-10-10,2.0067,0.6358,1.7523,0.0863,1.9450,0.2481,1.7588,-0.5628,1.4900,-0.9405,0.9643,-0.7494,2.1517,-1.6330,1.2285,-1.7743,4.0683,0.0061,3.6875,1.7131,17.7667,74.6667,1017.0167,0.0000,0.0000,10.2500,11.7250,1520.0000,2.0250,-3.0000,1.1333,283,2026,-0.9879,0.1553,41.3874,2.1686,autumn,1.8742,0.0542,ES,low,0.0000,Barcelona
Barcelona,2026-10-11,1.9317,1.6065,0.9993,1.5324,1.8317,1.6277,0.6896,0.8605,1.0342,-0.4148,0.4722,-0.2600,3.1958,-0.5327,3.0838,-0.9714,5.4967,1.6572,5.1527,0.4555,19.1667,77.5833,1015.7583,0.0000,0.0000,85.2500,10.3750,1510.2500,-0.7250,-2.3667,1.0667,284,2026,-0.9851,0.1722,41.3874,2.1686,autumn,1.7591,0.0736,ES,low,0.0000,Barcelona
Barcelona,2026-10-12,1.2050,0.3882,1.0859,0.5003,1.1717,0.6529,0.7245,0.2942,2.2008,0.2946,1.7343,1.5059,1.6400,-1.1233,0.8704,-0.0342,5.6550,4.9490,2.4625,4.6669,17.7667,91.1667,1023.8083,0.0000,0.0000,31.5833,12.6917,1586.5833,2.3917,6.9667,-0.4000,285,2026,-0.9819,0.1892,41.3874,2.1686,autumn,2.1295,0.2704,ES,very high,0.9000,Barcelona
Barcelona,2026-10-13,1.0683,0.3981,0.9339,0.5070,1.3308,0.4151,1.0965,-0.1122,2.9667,2.2771,1.7561,1.7203,4.9450,4.5987,1.7422,3.3144,5.0208,4.7202,1.5887,5.8289,18.9833,93.3333,1028.6333,0.0000,0.0000,61.4167,12.6833,1628.3333,-0.5167,5.8667,0.5667,286,2026,-0.9785,0.2060,41.3874,2.1686,autumn,1.9482,0.0621,ES,low,0.0000,Barcelona
Valencia,2026-10-06,1.3691,-0.8921,0.9656,-0.6020,4.7127,-2.1757,3.8561,-1.4306,6.5082,-4.7863,4.2986,-4.7127,8.3482,-7.1858,4.1532,-7.5396,12.9809,-11.4515,6.0232,-10.7579,21.3182,73.4545,1013.6091,0.0000,0.0000,96.9091,13.9273,1512.2727,,,,279,2026,-0.9962,0.0870,39.4699,-0.3763,autumn,1.3039,0.0547,ES,low,0.0000,Valencia
Valencia,2026-10-07,1.7645,-0.7380,1.5764,-0.7105,6.6309,0.0460,6.5144,0.0920,9.4773,4.2063,8.1298,4.2016,4.4264,2.8091,3.2022,4.7786,7.4782,-3.1607,6.6049,-4.5785,20.3727,61.1818,1014.8091,0.0000,0.0000,4.6364,12.5636,1516.6364,-1.4364,-0.9667,-0.2333,280,2026,-0.9946,0.1041,39.4699,-0.3763,autumn,1.4943,0.0950,ES,moderate,0.5000,Valencia
Valencia,2026-10-08,1.9955,-0.2816,1.8728,-0.0111,6.9509,1.8474,6.6350,2.9010,3.6791,1.5717,3.1625,3.4107,4.1118,-3.7045,1.6730,-4.8056,9.9318,0.7540,9.5529,-0.8291,16.0091,48.3636,1022.0636,0.0000,0.0000,3.7273,8.0909,1547.3636,-5.7424,8.1667,-3.5333,281,2026,-0.9926,0.1212,39.4699,-0.3763,autumn,1.5721,0.0748,ES,low,0.0000,Valencia
Valencia,2026-10-09,1.1658,-0.5810,0.9187,-0.5846,2.8100,-1.1221,2.2307,-2.2766,1.8892,-0.8028,0.9562,0.7408,3.1283,1.3613,2.2915,3.5837,4.6650,4.0054,2.2029,6.1381,14.7167,68.7500,1020.9667,0.0000,0.0000,20.5833,10.0500,1546.0000,0.8500,0.6667,-2.6667,282,2026,-0.9904,0.1383,39.4699,-0.3763,autumn,1.6464,0.2456,ES,very high,0.9000,Valencia
Valencia,2026-10-10,1.2000,-0.4919,1.0122,-0.3507,2.7108,-0.3906,2.3820,-1.3530,1.1233,-0.3421,0.7629,0.5359,2.7383,1.9883,1.2896,3.5603,1.8292,0.9148,1.1238,2.2436,16.2833,71.7500,1017.6333,0.0000,0.0000,29.7500,11.7917,1528.1667,1.7917,-3.2333,1.4667,283,2026,-0.9879,0.1553,39.4699,-0.3763,autumn,1.5396,0.1259,ES,moderate,0.5000,Valencia
Valencia,2026-10-11,1.3233,0.2858,1.1354,0.8711,3.2092,1.7689,2.1913,1.8948,1.7042,0.6036,1.2865,0.5002,3.8450,0.1115,2.7838,-2.8113,5.4033,1.6854,4.9251,-0.3387,19.5167,73.2500,1015.4417,0.0000,0.0000,83.0833,13.3750,1519.9167,0.6750,-3.3000,2.0000,284,2026,-0.9851,0.1722,39.4699,-0.3763,autumn,1.4167,0.1152,ES,moderate,0.5000,Valencia
Valencia,2026-10-12,1.2025,-0.0650,1.1684,0.2068,1.5275,0.7525,1.2844,0.5734,1.9683,0.4721,1.7917,1.1952,1.0908,0.8145,0.6868,0.7207,6.4817,6.4663,0.4268,6.8932,19.3167,92.3333,1023.3583,0.0000,0.0000,50.8333,14.0417,1588.7500,0.1417,6.9667,0.1000,285,2026,-0.9819,0.1892,39.4699,-0.3763,autumn,1.7154,0.2376,ES,high,0.7500,Valencia
Valencia,2026-10-13,1.2242,0.0389,1.1938,0.2503,2.0458,0.8263,1.8454,0.4558,2.0283,1.2039,1.5861,1.6629,3.8458,3.0675,2.0924,3.8949,7.7083,6.8031,3.5392,8.2177,20.0000,87.9167,1028.2000,0.0000,0.0000,47.7500,13.2667,1625.5833,-1.3000,5.5000,0.6000,286,2026,-0.9785,0.2060,39.4699,-0.3763,autumn,1.5906,0.1224,ES,moderate,0.5000,Valencia
Sevilla,2026-10-06,1.3455,-1.2319,0.4225,-1.6571,3.5227,-2.5900,2.2235,-3.6182,3.8464,-2.0804,2.7052,-4.6918,5.9973,-4.1472,3.7920,-5.8236,10.9873,-7.9800,6.4729,-11.9145,20.2909,82.0909,1015.1000,0.0000,0.0000,42.9091,11.8818,1514.9091,,,,279,2026,-0.9962,0.0870,37.3891,-5.9845,autumn,1.1603,0.0607,ES,low,0.0000,Sevilla
Sevilla,2026-10-07,0.9264,-0.3303,0.3883,-1.3005,2.3864,0.8553,1.6312,-0.7614,5.0500,4.3579,1.9054,4.8778,2.7191,2.3834,1.1266,2.8183,2.6045,0.6095,2.2734,0.9673,18.9727,80.7273,1017.3182,0.0000,0.0000,16.5455,11.5636,1535.0909,-1.0697,1.8000,-0.1333,280,2026,-0.9946,0.1041,37.3891,-5.9845,autumn,1.4376,0.1180,ES,low,0.0000,Sevilla
Sevilla,2026-10-08,2.1808,2.1329,0.2915,1.9475,8.4675,7.9532,2.6428,7.2789,11.2375,8.2504,7.5572,9.6216,5.8100,4.3553,3.6772,6.4048,3.5858,1.5413,2.6199,4.0667,20.5583,42.1667,1019.5333,0.0000,0.0000,0.0000,12.8333,1555.9167,0.9333,2.0000,1.1667,281,2026,-0.9926,0.1212,37.3891,-5.9845,autumn,1.2612,0.1352,ES,moderate,0.5000,Sevilla
Sevilla,2026-10-09,1.3225,1.2268,0.3221,1.1288,5.9292,5.3471,2.1350,4.9253,4.6383,3.1569,3.2990,3.7381,2.1375,1.6783,1.1331,2.7244,3.7650,3.1763,1.3098,3.1662,19.0333,40.8333,1018.7167,0.0000,0.0000,4.9167,13.0083,1550.5833,-0.0250,0.1667,-0.8333,282,2026,-0.9904,0.1383,37.3891,-5.9845,autumn,1.3121,0.1496,ES,moderate,0.5000,Sevilla
Sevilla,2026-10-10,0.8150,-0.2487,0.2707,-0.8808,3.3367,-2.6644,1.3262,-1.9775,1.8675,-1.5346,0.8061,-1.7041,1.6933,-0.2475,1.4361,0.3092,4.1667,4.0767,0.6657,4.8779,19.1750,66.9167,1016.1417,0.0000,0.0000,38.8333,13.9667,1530.4167,0.5667,-2.7000,0.5667,283,2026,-0.9879,0.1553,37.3891,-5.9845,autumn,1.3396,0.0765,ES,low,0.0000,Sevilla
Sevilla,2026-10-11,1.1775,-0.8372,0.2460,-1.8470,3.6033,-2.9850,1.7657,-4.7042,4.0125,1.8947,2.1187,-1.2601,3.4050,2.3988,2.2814,2.2481,6.9358,4.3052,4.2936,4.7926,18.7417,84.2500,1016.2500,0.0000,0.0000,30.4167,14.3750,1533.7500,0.0083,0.0000,-1.6000,284,2026,-0.9851,0.1722,37.3891,-5.9845,autumn,1.3432,0.2410,ES,very high,0.9000,Sevilla
Sevilla,2026-10-12,0.9842,-0.1092,0.3375,-1.2452,3.3058,-0.9702,1.5044,-3.0815,1.9775,1.2005,1.3522,1.4684,4.5400,1.7906,4.1298,2.3724,4.3942,1.7613,3.9089,1.5662,19.5000,64.5833,1020.5333,0.0000,0.0000,0.0000,15.9500,1580.7500,1.5167,3.5000,2.1333,285,2026,-0.9819,0.1892,37.3891,-5.9845,autumn,1.4309,0.3364,ES,very high,0.9000,Sevilla
Sevilla,2026-10-13,1.8192,1.3338,1.0095,0.2983,5.9342,2.7384,4.8039,-0.5824,6.8525,-0.1573,6.8382,0.0002,7.1633,3.3311,6.3371,2.6937,7.9758,3.3339,7.1365,5.8442,21.5083,60.1667,1024.3833,0.0000,0.0000,0.5000,15.6917,1612.7500,-0.5083,4.3000,0.6000,286,2026,-0.9785,0.2060,37.3891,-5.9845,autumn,1.2773,0.1360,ES,moderate,0.5000,Sevilla
Zaragoza,2026-10-06,0.9445,0.5353,0.6616,0.7532,2.8409,-0.4090,2.7724,-0.2043,4.1709,-3.3733,1.9802,-2.5998,5.3264,-4.5534,2.6303,-4.2274,7.2655,-6.9515,1.6911,-6.0984,18.4455,89.6364,1013.2000,0.0000,0.0000,90.9091,12.2364,1496.7273,,,,279,2026,-0.9962,0.0870,41.6488,-0.8891,autumn,1.5185,0.0779,ES,low,0.0000,Zaragoza
Zaragoza,2026-10-07,6.1082,-0.3717,6.0671,-0.6815,13.3564,-0.0941,13.2922,-0.7118,20.0418,6.2824,18.8897,5.3343,18.7264,9.0971,16.3026,8.7115,10.1791,3.5818,9.2137,5.8629,16.9455,70.4545,1017.3000,0.2000,0.0909,66.6364,9.1091,1511.7273,-3.5576,0.9000,-1.2667,280,2026,-0.9946,0.1041,41.6488,-0.8891,autumn,1.6129,0.1105,ES,moderate,0.5000,Zaragoza
Zaragoza,2026-10-08,6.0236,-0.0225,6.0179,0.1115,13.8982,0.6073,13.8793,0.9348,20.0482,9.0252,17.8977,9.3568,12.4673,8.5551,9.0310,11.8701,11.8445,11.5558,2.3752,12.6898,12.3545,62.0000,1024.2818,0.0000,0.0000,26.5455,6.0182,1544.9091,-4.2152,9.3000,-4.7000,281,2026,-0.9926,0.1212,41.6488,-0.8891,autumn,1.5820,0.1047,ES,moderate,0.5000,Zaragoza
Zaragoza,2026-10-09,3.5933,-0.5996,3.5109,-0.2648,10.4458,-0.3873,10.4167,0.2876,10.1125,3.4784,9.4745,3.9143,2.1508,0.8617,1.6290,1.9531,6.7592,6.1918,2.6328,7.2551,13.8583,67.1667,1021.4250,0.0000,0.0000,86.0000,12.2917,1541.3333,6.0250,-2.7000,1.7667,282,2026,-0.9904,0.1383,41.6488,-0.8891,autumn,1.6400,0.1248,ES,moderate,0.5000,Zaragoza
Zaragoza,2026-10-10,1.7892,-0.4275,1.6868,-0.9435,7.5467,-1.0115,7.4612,-1.5072,8.5233,3.4152,7.7489,3.3766,7.2967,3.6404,6.3049,4.3013,6.1708,0.5136,5.9068,2.5050,15.3417,76.1667,1017.9500,0.0000,0.0000,43.5833,12.1500,1524.5000,-0.6500,-3.1667,2.7000,283,2026,-0.9879,0.1553,41.6488,-0.8891,autumn,1.6793,0.1489,ES,moderate,0.5000,Zaragoza
Zaragoza,2026-10-11,3.1458,-0.8209,3.0305,-0.6911,8.9475,-0.7784,8.8973,-0.1318,11.6642,2.7887,11.3124,2.0430,10.4933,3.3975,9.8268,2.2158,6.9433,2.8742,6.2273,2.8455,18.6833,63.0000,1016.2000,0.0000,0.0000,84.0833,12.1417,1516.2708,-0.3250,-2.5000,1.8667,284,2026,-0.9851,0.1722,41.6488,-0.8891,autumn,1.7306,0.3224,ES,very high,0.9000,Zaragoza
Zaragoza,2026-10-12,0.8342,0.7913,0.1716,0.5909,1.0492,-0.1338,0.8882,-0.5044,1.4425,0.3231,1.2279,1.0653,3.0908,1.8171,2.4405,2.2989,5.3183,5.0810,1.2771,5.9715,17.2583,81.6667,1023.7750,0.0000,0.0000,33.0833,13.9167,1587.5833,1.1500,6.5000,1.4667,285,2026,-0.9819,0.1892,41.6488,-0.8891,autumn,1.8513,0.2455,ES,very high,0.9000,Zaragoza
Zaragoza,2026-10-13,0.8342,0.6588,0.3483,0.4411,1.9425,-0.2973,1.9037,-0.6178,1.6275,0.0065,1.5959,0.0406,2.6392,2.0276,1.5358,2.2965,5.0567,4.5172,2.0008,5.5531,17.9583,81.4167,1028.3833,0.0000,0.0000,9.1667,14.0333,1629.3333,-0.3667,5.1000,0.3000,286,2026,-0.9785,0.2060,41.6488,-0.8891,autumn,1.9069,0.1463,ES,moderate,0.5000,Zaragoza
Málaga,2026-10-06,1.1782,0.0133,1.0542,-0.0612,2.1255,-0.0787,2.0530,-0.0291,6.6055,0.0576,6.2939,1.3618,8.1618,-6.3250,4.8391,-9.4579,14.9218,-12.6785,7.3301,-17.4188,21.6545,83.0000,1015.4909,0.3000,0.0909,75.6364,13.1000,1520.0909,,,,279,2026,-0.9962,0.0870,36.7213,-4.4214,autumn,1.4453,0.2838,ES,very high,0.9000,Málaga
Málaga,2026-10-07,1.8391,1.0280,1.5068,0.8277,3.2464,1.4182,2.8719,0.5625,5.3164,3.7173,3.4776,3.3018,3.8100,2.1843,3.0292,4.4390,5.6055,-3.7982,4.0664,-4.2056,21.6091,59.9091,1016.5909,0.0000,0.0000,80.0000,12.5909,1532.5455,-1.6424,0.5667,0.7333,280,2026,-0.9946,0.1041,36.7213,-4.4214,autumn,1.5029,0.1115,ES,moderate,0.5000,Málaga
Málaga,2026-10-08,1.2291,0.9110,0.5571,0.3716,0.9591,0.3248,0.7207,-0.2644,5.4155,1.5172,5.1884,1.1289,5.3209,1.3848,4.9075,2.2989,3.4664,-2.6714,1.4777,-2.1653,19.8182,84.8182,1019.7545,0.0000,0.0000,28.4545,12.7636,1554.3636,0.3636,3.2000,-2.0000,281,2026,-0.9926,0.1212,36.7213,-4.4214,autumn,1.3294,0.1110,ES,moderate,0.5000,Málaga
Málaga,2026-10-09,1.2627,1.0238,0.5349,0.4485,1.0336,0.4928,0.5653,-0.2440,4.4700,-0.0671,4.4557,-0.2143,2.6609,1.9490,1.3881,2.7430,2.2664,0.2376,2.0368,0.8092,19.5636,82.8182,1019.9091,0.0000,0.0000,31.1818,12.7727,1550.1818,-0.5939,0.9333,-0.5333,282,2026,-0.9904,0.1383,36.7213,-4.4214,autumn,1.3847,0.0885,ES,low,0.0000,Málaga
Málaga,2026-10-10,0.9300,0.5607,0.5047,0.1834,1.0645,0.1816,0.9732,-0.0130,2.2282,-0.4969,2.1507,-0.4561,2.6255,2.3741,1.0456,3.1670,1.7391,0.2465,1.2832,1.3962,20.2727,86.0909,1017.4273,0.0000,0.0000,77.8182,13.1182,1529.4545,-0.4152,-2.0667,-0.1000,283,2026,-0.9879,0.1553,36.7213,-4.4214,autumn,1.3587,0.0446,ES,low,0.0000,Málaga
Málaga,2026-10-11,1.1900,1.0098,0.4511,0.8043,0.7155,-0.1790,0.6112,-0.4242,2.7109,1.6292,2.1620,1.3271,5.3064,4.4015,2.5781,4.8654,4.4218,2.9943,3.1545,2.9184,18.8818,82.0909,1016.6273,0.0000,0.0000,31.7273,14.0818,1530.4318,0.6152,-1.5667,-0.5000,284,2026,-0.9851,0.1722,36.7213,-4.4214,autumn,1.3999,0.0983,ES,moderate,0.5000,Málaga
Málaga,2026-10-12,1.1518,0.5911,0.9280,0.6836,1.3900,0.9965,0.9469,0.8515,5.5200,-0.2721,5.4237,-1.0826,5.2445,1.3048,4.8461,2.1304,5.8536,2.6673,5.1737,1.7826,18.7636,89.4545,1022.4455,0.0000,0.0000,13.0000,15.1000,1581.6364,0.7667,5.0667,0.5333,285,2026,-0.9819,0.1892,36.7213,-4.4214,autumn,1.5538,0.4806,ES,very high,0.9000,Málaga
Málaga,2026-10-13,1.2282,0.1372,1.1723,-0.0187,1.3791,0.8222,1.0672,0.4124,9.1282,0.3617,9.1194,0.1934,11.3109,1.0458,11.2376,0.2651,6.8709,2.5843,6.2907,3.9031,19.9000,91.2727,1026.8818,0.0000,0.0000,52.1818,13.9000,1614.3636,-1.5667,4.9000,0.0000,286,2026,-0.9785,0.2060,36.7213,-4.4214,autumn,1.4340,0.0750,ES,low,0.0000,Málaga
Murcia,2026-10-06,0.9982,0.6746,0.3933,0.6054,1.8382,-0.2477,1.2448,-1.3918,5.7845,-5.5501,1.2023,-8.2220,13.2418,-12.1433,5.2405,-10.3982,14.8809,-13.5820,6.0226,-12.5629,21.4455,84.5455,1014.6455,0.8000,0.2727,98.4545,15.2818,1520.6364,,,,279,2026,-0.9962,0.0870,37.9922,-1.1307,autumn,1.1727,0.0472,ES,low,0.0000,Murcia
Murcia,2026-10-07,1.3364,-0.5210,1.1045,-0.3436,4.7891,0.1299,4.5416,0.2296,10.0009,3.1902,9.4067,2.4372,5.9591,0.7679,5.7289,-0.6058,10.1945,-7.6277,6.5600,-7.6156,21.5273,64.7273,1016.0364,0.0000,0.0000,89.4545,12.8000,1527.0000,-2.7333,-0.1000,0.6667,280,2026,-0.9946,0.1041,37.9922,-1.1307,autumn,1.2921,0.0907,ES,low,0.0000,Murcia
Murcia,2026-10-08,1.9218,0.0715,1.6445,0.9256,3.8282,0.6399,3.2313,2.1718,2.6436,1.4011,1.8549,2.1764,2.8845,1.4528,0.9347,4.3674,9.2645,-4.0324,7.9861,-2.7646,20.3273,61.0000,1021.3273,0.0000,0.0000,76.1818,10.1545,1556.9091,-3.0455,5.3667,-1.5667,281,2026,-0.9926,0.1212,37.9922,-1.1307,autumn,1.4033,0.0908,ES,low,0.0000,Murcia
Murcia,2026-10-09,0.8291,0.2353,0.6164,0.7380,2.0418,0.9796,1.3824,2.5169,1.9164,0.7597,1.7092,0.8528,4.4727,2.0542,3.9408,2.4517,4.6718,-0.2330,4.2808,-0.0056,16.0909,82.4545,1021.0091,0.0000,0.0000,23.0909,10.9273,1546.8182,-0.4394,1.1000,-2.8333,282,2026,-0.9904,0.1383,37.9922,-1.1307,autumn,1.3779,0.2076,ES,high,0.7500,Murcia
Murcia,2026-10-10,0.7445,-0.1204,0.7182,0.0181,1.9409,0.0467,1.8349,0.4885,1.7000,0.7348,1.4853,0.8340,3.0082,2.3588,1.7550,1.7604,1.5236,0.7505,0.8167,1.7521,15.1636,79.2727,1017.9727,0.0000,0.0000,12.0909,11.7182,1526.8182,1.4182,-2.7667,-0.6000,283,2026,-0.9879,0.1553,37.9922,-1.1307,autumn,1.4577,0.1246,ES,moderate,0.5000,Murcia
Murcia,2026-10-11,0.7150,-0.5584,0.3541,-0.7134,2.2950,-1.7468,1.1675,-2.9645,2.2708,-0.5940,1.7471,-1.2566,4.4767,3.5764,2.4831,4.2984,4.3733,2.9736,3.1261,3.1589,18.8417,73.3333,1015.8250,0.0000,0.0000,79.9167,14.1167,1523.7292,1.6833,-2.8000,1.9000,284,2026,-0.9851,0.1722,37.9922,-1.1307,autumn,1.4390,0.1336,ES,moderate,0.5000,Murcia
Murcia,2026-10-12,0.9717,0.2723,0.8657,0.6074,1.8942,0.9882,1.2373,0.6288,2.1192,0.8732,1.8065,0.6641,4.1750,2.7367,2.8572,3.5564,5.0042,4.4931,2.0074,4.3095,20.2500,90.0000,1023.2333,0.0000,0.0000,30.2500,14.3167,1586.5833,-0.2500,6.2000,1.1000,285,2026,-0.9819,0.1892,37.9922,-1.1307,autumn,1.5374,0.3141,ES,very high,0.9000,Murcia
Murcia,2026-10-13,1.1100,0.1887,1.0288,0.5973,2.2142,1.2597,1.6909,1.6111,3.6608,2.3147,2.7145,2.4008,4.6992,3.6446,2.8558,4.7029,7.8775,5.7792,5.2935,6.0257,20.7667,86.8333,1027.9000,0.0000,0.0000,41.7500,12.9083,1622.7500,-2.2583,5.5000,-0.3000,286,2026,-0.9785,0.2060,37.9922,-1.1307,autumn,1.5265,0.1348,ES,moderate,0.5000,Murcia
Palma,2026-10-06,1.1867,-1.1503,0.2039,-0.8557,3.5642,-3.5107,0.5082,-2.6012,5.4108,-5.3799,0.4388,-3.3676,8.7075,-7.9489,3.4507,-6.0663,16.0142,-13.9247,7.7059,-14.8892,22.8000,86.6667,1014.8250,0.9000,0.0833,93.2500,14.8083,1524.0833,,,,279,2026,-0.9962,0.0870,39.5696,2.6502,autumn,1.3048,0.0537,ES,low,0.0000,Palma
Palma,2026-10-07,1.2392,-0.2266,0.7158,-1.2068,3.6475,-1.7148,2.2763,-4.1182,7.4625,-3.3343,5.8576,-5.1966,9.1542,-5.8535,6.9126,-6.3665,12.6358,-8.9101,8.9424,-8.2477,20.4750,84.5833,1013.9250,0.0000,0.0000,82.9167,13.1250,1508.9167,-2.0417,-2.3667,-1.0333,280,2026,-0.9946,0.1041,39.5696,2.6502,autumn,1.2357,0.0340,ES,low,0.0000,Palma
Palma,2026-10-08,3.6775,3.2252,1.7260,4.0710,6.6592,5.7618,3.3068,6.5898,4.5842,3.5470,2.7612,2.4941,5.1017,-1.1243,4.8946,-0.8269,12.2558,-3.0693,11.3169,-6.4694,17.5583,71.5000,1020.9417,0.0000,0.0000,57.4167,7.2333,1540.0833,-6.1000,7.0333,-3.8667,281,2026,-0.9926,0.1212,39.5696,2.6502,autumn,1.5655,0.0928,ES,moderate,0.5000,Palma
Palma,2026-10-09,1.5625,1.4577,0.3481,1.4073,1.1842,0.6264,0.9745,0.8708,2.7242,-0.8183,2.0167,-1.3686,2.0667,-0.9741,1.3950,-0.7281,10.0300,7.2564,6.6949,7.2357,12.4083,79.7500,1020.8333,0.0000,0.0000,28.3333,9.2167,1540.0833,0.8167,1.2333,-2.0667,282,2026,-0.9904,0.1383,39.5696,2.6502,autumn,1.5211,0.1780,ES,high,0.7500,Palma
Palma,2026-10-10,1.7200,1.6762,0.3632,1.5898,1.2875,1.1899,0.4375,1.6812,2.1408,-1.4235,1.0316,-0.4005,3.2858,-1.5079,2.7562,-2.1529,5.4517,1.7450,4.9822,3.2872,15.1750,84.5833,1017.6000,0.0000,0.0000,55.5000,11.7000,1525.8333,4.0000,-3.0667,2.9000,283,2026,-0.9879,0.1553,39.5696,2.6502,autumn,1.4320,0.0782,ES,moderate,0.5000,Palma
Palma,2026-10-11,1.4008,1.2331,0.3367,0.9564,1.3550,0.1273,1.1809,-0.4024,3.5600,-0.1463,3.4697,-0.4214,3.9317,1.3678,3.5490,0.9368,6.9217,1.5989,6.6565,0.3418,16.2833,83.0833,1015.7500,0.0000,0.0000,77.9167,11.7667,1515.1667,0.2000,-2.6333,-0.3333,284,2026,-0.9851,0.1722,39.5696,2.6502,autumn,1.4645,0.2168,ES,high,0.7500,Palma
Palma,2026-10-12,1.5392,1.4452,0.4113,1.2032,1.4575,1.0042,0.8489,1.2824,2.6917,2.2490,1.3295,1.7741,6.0092,5.6999,1.4598,3.7660,6.3850,6.2113,1.4688,4.5191,20.0083,87.6667,1023.2500,0.0000,0.0000,37.2500,11.9583,1583.7500,-0.3083,6.2667,4.2667,285,2026,-0.9819,0.1892,39.5696,2.6502,autumn,1.6823,0.2915,ES,very high,0.9000,Palma
Palma,2026-10-13,1.5458,1.4261,0.4857,1.2160,1.8992,1.7437,0.6195,1.8092,6.9408,6.7116,1.5700,8.5130,7.3000,7.1223,1.2983,8.7853,5.7267,5.5862,1.1361,6.2695,18.8750,83.1667,1027.7417,0.0000,0.0000,4.0833,12.8917,1620.0000,0.7583,5.2667,-1.4000,286,2026,-0.9785,0.2060,39.5696,2.6502,autumn,1.6983,0.1352,ES,moderate,0.5000,Palma
Bilbao,2026-10-06,1.2855,-0.8533,0.7562,-1.0960,2.7055,-1.8153,1.6469,-1.7467,8.3691,-0.7110,8.1510,0.7757,6.4409,-2.6057,5.4828,-1.6539,6.0582,-5.2700,2.7360,-5.8630,19.9545,79.6364,1013.1818,2.2000,0.1818,97.0000,10.2364,1487.9091,,,,279,2026,-0.9962,0.0870,43.2630,-2.9350,autumn,1.4032,0.1517,ES,high,0.7500,Bilbao
Bilbao,2026-10-07,4.8300,1.5541,4.4964,1.9685,9.1355,3.7156,8.2070,4.3785,13.8264,7.0369,11.8000,7.7254,13.8464,5.6986,12.5195,6.6275,14.9491,5.8917,13.4528,2.7926,18.6636,61.6364,1020.0727,2.5000,0.2727,98.2727,5.6455,1529.1818,-5.1545,4.0333,-0.9000,280,2026,-0.9946,0.1041,43.2630,-2.9350,autumn,1.5621,0.1242,ES,moderate,0.5000,Bilbao
Bilbao,2026-10-08,1.0109,-0.1457,0.8707,-0.1890,1.1736,-0.7196,0.7890,-0.9854,6.9745,6.2115,3.1373,6.8320,7.3718,5.1471,5.1452,5.6352,9.9973,9.3957,3.2255,11.1210,14.6727,75.4545,1027.7364,0.3000,0.0909,75.5455,3.6182,1580.6364,-3.5152,10.7000,-4.2333,281,2026,-0.9926,0.1212,43.2630,-2.9350,autumn,1.5210,0.1962,ES,very high,0.9000,Bilbao
Bilbao,2026-10-09,1.2009,-0.6903,0.9276,-1.0029,1.2118,-1.0122,0.4621,-0.8523,2.6200,1.7727,1.9016,1.3053,5.0073,4.7647,1.3637,5.4487,6.5427,3.5763,5.4354,2.9290,13.6091,82.4545,1024.3455,0.0000,0.0000,92.5455,9.3000,1558.4545,5.3667,-2.5667,-1.3333,282,2026,-0.9904,0.1383,43.2630,-2.9350,autumn,1.5605,0.1347,ES,high,0.7500,Bilbao
Bilbao,2026-10-10,1.3845,-0.4702,1.2588,-0.8864,1.5645,-0.7640,1.2156,-0.9858,1.9964,0.9777,1.5451,0.8317,2.1627,0.8856,0.5002,2.9435,3.5936,-0.9220,2.9116,0.7253,13.8273,91.0000,1019.1909,0.0000,0.0000,61.1818,9.2091,1526.6364,0.4424,-4.4000,0.8000,283,2026,-0.9879,0.1553,43.2630,-2.9350,autumn,1.4287,0.0481,ES,low,0.0000,Bilbao
Bilbao,2026-10-11,0.5327,-0.3741,0.2335,-0.2789,0.9445,-0.3943,0.5968,-0.0025,7.6900,-1.3757,7.5250,-1.1433,7.7709,0.4080,7.7461,0.3187,7.6382,2.6497,7.1256,3.5735,15.6818,96.0909,1018.5091,0.0000,0.0000,48.0000,9.2364,1524.1818,0.2030,-3.0000,1.6333,284,2026,-0.9851,0.1722,43.2630,-2.9350,autumn,1.4044,0.0867,ES,moderate,0.5000,Bilbao
Bilbao,2026-10-12,1.2982,-1.1927,0.2702,-0.5605,1.9045,-1.5987,0.5976,-0.6382,3.9264,-0.1524,3.8739,0.3609,1.5264,-0.3366,1.3212,0.4940,2.6800,2.0339,1.6807,2.9311,13.6727,98.8182,1023.0727,0.0000,0.0000,68.8182,15.0091,1588.7273,6.1424,4.4000,-0.9000,285,2026,-0.9819,0.1892,43.2630,-2.9350,autumn,1.7408,0.5231,ES,very high,0.9000,Bilbao
Bilbao,2026-10-13,0.4836,-0.2887,0.1594,0.1316,0.6927,-0.1945,0.4474,0.3507,5.0527,2.0047,4.6021,2.2122,3.2618,1.2320,3.0085,1.4182,3.4164,1.5855,2.9965,1.6150,14.6091,97.0000,1028.0909,0.0000,0.0000,53.9091,15.7636,1634.8182,1.1636,5.3000,0.8333,286,2026,-0.9785,0.2060,43.2630,-2.9350,autumn,1.5719,0.1885,ES,very high,0.9000,Bilbao
Alicante,2026-10-06,0.9018,0.2242,0.7937,0.3977,2.0236,-1.5653,1.0552,-1.8150,6.2509,-6.1580,0.8510,-6.1016,10.2764,-9.4050,3.6795,-10.0914,15.8209,-14.1891,6.9263,-14.0032,21.2000,87.0000,1014.9000,1.0000,0.3636,87.0909,14.3091,1520.4545,,,,279,2026,-0.9962,0.0870,38.3452,-0.4810,autumn,1.1751,0.0805,ES,low,0.0000,Alicante
Alicante,2026-10-07,1.5673,-0.0650,1.5568,-0.0855,4.3609,0.8036,4.2651,0.7731,7.5936,3.5350,6.0484,0.9613,4.2936,-2.5535,3.4144,-4.1628,10.9573,-6.6728,8.5012,-5.1811,20.9545,58.9091,1015.2000,0.0000,0.0000,46.2727,13.3727,1523.1818,-1.1273,-0.9333,0.6000,280,2026,-0.9946,0.1041,38.3452,-0.4810,autumn,1.2411,0.0819,ES,low,0.0000,Alicante
Alicante,2026-10-08,1.2436,0.4545,1.0661,0.8675,2.4245,1.2887,1.6685,2.5286,2.3055,0.2533,1.6564,1.7944,4.1355,-0.8619,2.5733,2.9743,10.7755,-2.3823,10.4428,-3.6692,18.9909,57.1818,1021.1727,0.0000,0.0000,64.1818,8.9182,1554.1818,-4.4485,6.2000,-2.6333,281,2026,-0.9926,0.1212,38.3452,-0.4810,autumn,1.4617,0.0848,ES,low,0.0000,Alicante
Alicante,2026-10-09,1.6558,0.7459,1.4043,1.0589,2.5783,1.7092,1.7838,2.6827,1.2525,0.4527,0.9013,1.3241,3.2525,2.2383,1.8757,1.9601,4.3750,1.5954,3.6619,3.6326,16.0917,65.5833,1020.9500,0.0000,0.0000,14.5000,10.4917,1545.5000,-0.1750,1.2667,-2.7000,282,2026,-0.9904,0.1383,38.3452,-0.4810,autumn,1.3542,0.1905,ES,high,0.7500,Alicante
Alicante,2026-10-10,1.5175,0.5335,1.3790,0.6550,2.1358,1.2622,1.6450,1.3923,1.1108,0.0304,0.9278,0.5470,2.6375,2.5759,0.4287,3.0333,1.3517,0.4963,0.7732,1.3640,17.3917,65.5833,1017.6500,0.0000,0.0000,50.2500,12.1583,1526.7500,3.0583,-2.9667,0.8667,283,2026,-0.9879,0.1553,38.3452,-0.4810,autumn,1.3119,0.0485,ES,low,0.0000,Alicante
Alicante,2026-10-11,1.1725,0.2400,1.0708,0.2436,1.8733,-1.1273,1.2862,-1.8081,3.3367,-2.0412,2.2174,-3.0185,3.8408,2.4367,2.9667,2.6408,5.2658,2.4290,4.6482,1.9346,18.7917,67.8333,1015.7250,0.0000,0.0000,69.3333,13.7667,1521.9792,1.7000,-2.6333,1.1000,284,2026,-0.9851,0.1722,38.3452,-0.4810,autumn,1.3839,0.1605,ES,moderate,0.5000,Alicante
Alicante,2026-10-12,1.4150,0.8593,1.0716,0.7940,0.8750,0.6369,0.3675,0.2670,2.6133,1.5903,2.0375,1.8306,3.8925,3.2878,1.8622,3.9220,5.0933,4.8988,1.3085,4.7383,20.3500,89.7500,1023.0750,0.0000,0.0000,32.2500,13.8167,1587.1667,0.1500,5.9667,1.5667,285,2026,-0.9819,0.1892,38.3452,-0.4810,autumn,1.4375,0.3229,ES,very high,0.9000,Alicante
Alicante,2026-10-13,1.7792,1.0956,1.2557,1.5130,1.6042,1.0265,1.1412,0.7196,3.7733,2.9282,2.3503,2.9496,4.6708,3.7427,2.3225,4.8153,8.2350,6.8718,4.4871,8.0240,20.9250,85.6667,1027.5833,0.0000,0.0000,16.7500,12.9583,1622.7500,-1.0750,5.2333,0.6333,286,2026,-0.9785,0.2060,38.3452,-0.4810,autumn,1.4027,0.1080,ES,moderate,0.5000,Alicante
Córdoba,2026-10-06,1.6982,-1.1601,1.0845,-2.3518,4.6355,-3.7745,2.4238,-5.9423,6.6373,-5.9003,2.7133,-9.0033,8.6855,-7.8946,3.3718,-10.7184,11.7782,-9.5703,5.8301,-14.2761,19.1636,87.2727,1015.6909,13.0000,0.7273,89.3636,11.9818,1513.0909,,,,279,2026,-0.9962,0.0870,37.8882,-4.7794,autumn,1.2731,0.0977,ES,moderate,0.5000,Córdoba
Córdoba,2026-10-07,1.6782,1.1802,1.1762,1.2634,1.9418,1.6955,0.8380,3.4010,4.5182,4.1690,1.2677,4.6184,1.8755,0.6359,1.3027,-0.1618,2.2845,-0.2343,2.1282,0.4014,19.2727,66.0909,1017.4273,0.0000,0.0000,11.0909,11.5636,1531.9091,-1.1364,1.0667,1.9667,280,2026,-0.9946,0.1041,37.8882,-4.7794,autumn,1.3646,0.0534,ES,low,0.0000,Córdoba
Córdoba,2026-10-08,2.3645,2.3526,0.1977,2.6667,6.2727,5.9392,1.9000,6.6796,10.5618,8.8889,5.4506,10.0545,3.9464,1.7512,2.9350,4.2526,1.5064,0.5513,0.9593,1.3427,20.0273,41.0909,1020.8727,0.0000,0.0000,0.1818,12.4455,1556.9091,0.1121,3.2000,0.7333,281,2026,-0.9926,0.1212,37.8882,-4.7794,autumn,1.4874,0.1007,ES,moderate,0.5000,Córdoba
Córdoba,2026-10-09,1.9382,1.5284,1.1876,1.5489,3.0045,2.7362,1.1692,3.1797,3.8345,2.7884,2.2886,4.2185,2.0864,0.5952,1.7215,1.1144,2.0845,1.8445,0.8711,1.6817,17.4727,38.7273,1019.8727,0.0000,0.0000,0.9091,13.0182,1550.0909,0.4848,-0.1333,-1.7667,282,2026,-0.9904,0.1383,37.8882,-4.7794,autumn,1.4279,0.0685,ES,low,0.0000,Córdoba
Córdoba,2026-10-10,1.5400,0.9841,1.1539,1.1579,0.7918,-0.6209,0.4048,-0.0766,1.2827,0.0423,0.5986,1.5233,1.9191,1.3975,0.9513,2.9519,2.9873,2.9438,0.3916,3.1262,18.0545,52.9091,1016.6727,0.0000,0.0000,25.2727,13.7909,1529.7273,0.6242,-3.0667,0.3000,283,2026,-0.9879,0.1553,37.8882,-4.7794,autumn,1.3898,0.0456,ES,low,0.0000,Córdoba
Córdoba,2026-10-11,1.4682,0.6009,1.2304,0.8036,2.5191,-2.0757,1.2422,-1.3355,3.4545,-0.6882,2.3130,-3.8109,2.1291,0.8398,1.9055,1.5308,3.9236,2.2984,3.0471,2.3747,19.6091,59.8182,1016.3455,0.0000,0.0000,32.8182,14.1545,1531.3636,-0.0788,-0.9000,1.3333,284,2026,-0.9851,0.1722,37.8882,-4.7794,autumn,1.4305,0.0875,ES,moderate,0.5000,Córdoba
Córdoba,2026-10-12,1.0036,0.8923,0.3244,0.9023,0.8636,-0.4769,0.4557,0.1971,1.3009,-0.7345,0.3795,0.6387,3.3455,1.7103,2.4682,2.8356,4.8773,2.4926,4.0778,2.9230,19.3909,58.8182,1021.1909,0.0000,0.0000,0.0000,16.2818,1583.0000,1.6818,4.1333,0.7667,285,2026,-0.9819,0.1892,37.8882,-4.7794,autumn,1.3924,0.1851,ES,high,0.7500,Córdoba
Córdoba,2026-10-13,1.0742,-0.0246,0.5682,-1.0323,2.2742,-1.8053,0.8792,-3.5976,2.3825,-1.2880,1.5951,-0.6357,5.0017,2.1956,4.4071,3.3246,7.6842,4.2794,6.1741,6.7308,20.7500,69.0000,1025.7417,0.0000,0.0000,0.0000,16.1917,1617.0000,-0.7750,4.5667,1.3333,286,2026,-0.9785,0.2060,37.8882,-4.7794,autumn,1.6792,0.1956,ES,high,0.7500,Córdoba
Valladolid,2026-10-06,0.9382,-0.7879,0.4058,-0.4601,3.0700,-2.6405,1.2462,-2.3318,1.7918,-1.5685,0.6774,-1.2463,3.8127,-2.2785,3.0145,-1.8660,5.4636,-4.3896,2.7160,-5.8124,14.5364,92.2727,1014.5636,1.5000,0.1818,99.3636,10.5091,1492.2727,,,,279,2026,-0.9962,0.0870,41.6523,-4.7245,autumn,1.5777,0.2434,ES,very high,0.9000,Valladolid
Valladolid,2026-10-07,1.4700,1.1978,0.7488,1.6266,3.8055,3.3604,1.5558,5.3385,3.1882,2.6908,1.5448,3.7109,3.9545,3.8110,0.8767,4.9357,4.4509,2.5631,3.4858,4.1470,13.2727,78.3636,1021.3636,0.2000,0.0000,81.4545,8.3636,1541.9091,-3.0697,4.7333,-0.9000,280,2026,-0.9946,0.1041,41.6523,-4.7245,autumn,1.7664,0.1581,ES,high,0.7500,Valladolid
Valladolid,2026-10-08,2.1700,2.0775,0.5747,2.7397,6.8082,6.2502,2.6193,6.5638,6.8164,6.2318,2.6943,7.3616,11.4800,11.3968,1.2597,10.8925,9.1591,9.1215,0.7189,11.0321,8.7909,79.5455,1028.7364,0.0000,0.0000,8.1818,5.6000,1578.8182,-4.0000,8.8000,-3.7333,281,2026,-0.9926,0.1212,41.6523,-4.7245,autumn,1.6974,0.0803,ES,moderate,0.5000,Valladolid
Valladolid,2026-10-09,1.0336,0.8166,0.5862,1.0060,4.0773,4.0723,0.1666,4.6946,3.4527,3.4371,0.2794,4.1920,7.2600,7.2370,0.4708,8.8802,5.0582,4.5577,1.6417,6.2270,10.3636,79.6364,1024.1818,0.0000,0.0000,28.2727,11.2182,1559.8182,5.3182,-3.9333,1.7667,282,2026,-0.9904,0.1383,41.6523,-4.7245,autumn,1.8312,0.1428,ES,very high,0.9000,Valladolid
Valladolid,2026-10-10,0.8064,0.6470,0.4457,0.6394,2.5182,2.4788,0.4347,2.5065,1.8200,1.8174,0.0840,1.8801,1.8327,1.0349,1.2575,2.6135,4.1300,-0.5937,3.9678,0.3282,12.0455,83.4545,1019.3636,0.0000,0.0000,66.3636,11.5909,1530.8182,0.5576,-4.5000,1.9667,283,2026,-0.9879,0.1553,41.6523,-4.7245,autumn,1.7795,0.0984,ES,moderate,0.5000,Valladolid
Valladolid,2026-10-11,0.6573,0.4935,0.3822,0.4546,1.0464,0.5189,0.8125,1.1323,0.9482,0.5987,0.6921,0.8112,2.7173,0.7318,2.4196,2.1135,8.1327,4.6114,6.6535,3.2860,14.0455,85.5455,1018.3000,0.0000,0.0000,84.3636,12.1000,1528.8182,0.5000,-2.0000,1.5667,284,2026,-0.9851,0.1722,41.6523,-4.7245,autumn,1.6869,0.1100,ES,moderate,0.5000,Valladolid
Valladolid,2026-10-12,0.8192,0.8000,0.1612,0.7729,1.8467,1.3235,1.2844,1.3882,1.6100,1.2710,0.9868,1.3003,0.9842,-0.5892,0.7524,-0.2362,1.7858,1.0352,1.0597,2.5216,13.1833,86.0000,1025.0333,0.0000,0.0000,17.7500,15.3250,1588.7500,3.0583,5.6667,0.9667,285,2026,-0.9819,0.1892,41.6523,-4.7245,autumn,1.9906,0.2418,ES,very high,0.9000,Valladolid
Valladolid,2026-10-13,1.0100,0.9255,0.3786,0.9687,2.7250,2.4201,1.0992,3.2931,2.7700,2.4525,1.1446,3.3160,2.7658,0.1072,2.5554,0.9986,3.2875,1.6785,2.6642,2.6216,13.9417,84.8333,1029.1333,0.0000,0.0000,2.6667,17.0167,1629.6667,1.2500,4.8000,0.5667,286,2026,-0.9785,0.2060,41.6523,-4.7245,autumn,1.9383,0.1695,ES,very high,0.9000,Valladolid
Vigo,2026-10-06,0.8217,-0.2836,0.6923,-0.3302,0.9967,0.0291,0.7973,0.0437,4.3692,3.6568,2.0893,3.2021,5.5133,4.5273,3.0249,3.7744,7.0133,5.1735,4.7174,5.6497,17.3833,92.5000,1015.8667,0.4000,0.0833,90.0000,9.2667,1502.0000,,,,279,2026,-0.9962,0.0870,42.2406,-8.7207,autumn,1.3633,0.0822,ES,low,0.0000,Vigo
Vigo,2026-10-07,3.1933,3.0389,0.8399,3.0045,7.6858,7.5720,1.1692,7.6531,12.6400,11.6282,4.4125,12.6474,8.5975,8.2501,2.2179,9.5939,12.1525,11.7405,2.7021,11.0420,16.4917,72.0833,1023.3083,0.0000,0.0000,54.8333,8.8583,1555.6667,-0.4083,6.5000,-0.2000,280,2026,-0.9946,0.1041,42.2406,-8.7207,autumn,1.5965,0.1093,ES,moderate,0.5000,Vigo
Vigo,2026-10-08,1.7192,1.3334,0.9029,1.5898,3.3767,3.0599,1.0984,3.9507,7.3642,3.9941,5.8897,7.2545,5.5025,5.2141,1.6881,6.4546,10.1850,9.7766,2.6228,10.9438,14.5417,68.4167,1026.3000,0.0000,0.0000,4.1667,11.2417,1584.5000,2.3083,4.3667,-0.5000,281,2026,-0.9926,0.1212,42.2406,-8.7207,autumn,1.4578,0.1620,ES,high,0.7500,Vigo
Vigo,2026-10-09,1.2425,0.9440,0.6618,1.2967,2.7567,2.6549,0.6960,3.5995,3.5142,3.2563,1.1915,3.6124,5.6167,5.3913,1.4633,6.4603,6.1342,3.3806,4.7182,4.4758,15.8750,81.2500,1022.9667,0.0000,0.0000,29.2500,13.3917,1569.6667,3.0917,-2.5667,1.2000,282,2026,-0.9904,0.1383,42.2406,-8.7207,autumn,1.3907,0.1729,ES,high,0.7500,Vigo
Vigo,2026-10-10,0.6867,-0.4691,0.4656,-0.4949,0.7308,0.0623,0.6199,0.5702,2.1608,1.2110,1.6559,1.2289,2.4617,0.4245,2.1695,1.2314,8.3358,2.6992,7.6386,0.2959,16.9000,90.7500,1018.5167,0.0000,0.0000,84.8333,11.8167,1533.3333,-1.6500,-4.2667,-0.7333,283,2026,-0.9879,0.1553,42.2406,-8.7207,autumn,1.3210,0.1261,ES,moderate,0.5000,Vigo
Vigo,2026-10-11,0.8042,-0.0946,0.6518,-0.5270,1.2850,0.4361,1.0460,0.3906,3.5142,1.7888,2.8369,3.2054,2.9050,-0.3156,2.1999,1.6841,8.3892,3.5082,7.5265,3.6665,16.2833,88.7500,1019.3417,0.0000,0.0000,56.6667,11.0167,1533.3125,-1.5167,-0.4333,-0.0333,284,2026,-0.9851,0.1722,42.2406,-8.7207,autumn,1.4138,0.2079,ES,very high,0.9000,Vigo
Vigo,2026-10-12,1.0167,0.7838,0.6150,0.8027,1.5508,1.4556,0.4343,1.3777,3.2758,-2.8045,1.5852,-2.7752,6.6958,-6.5436,1.2992,-5.6265,5.4792,-5.2583,1.4055,-4.7800,15.3250,87.5000,1023.0833,0.0000,0.0000,18.3333,15.3750,1579.6667,5.3750,3.3667,0.4000,285,2026,-0.9819,0.1892,42.2406,-8.7207,autumn,1.3471,0.2061,ES,very high,0.9000,Vigo
Vigo,2026-10-13,1.3608,0.6990,1.1611,0.5498,2.1050,1.2588,1.4279,2.0253,3.5858,-1.4031,2.6986,0.6469,5.4392,-4.1988,3.1088,-3.2595,6.1233,-4.5863,3.9219,-3.4474,17.7333,87.9167,1025.8750,0.0000,0.0000,22.2500,15.9750,1624.2500,-0.3250,3.4000,2.2333,286,2026,-0.9785,0.2060,42.2406,-8.7207,autumn,1.3754,0.0683,ES,low,0.0000,Vigo
Gijón,2026-10-06,2.5191,-1.8928,1.2755,-2.0112,4.9918,-3.7965,2.5661,-4.4108,7.5464,-2.4144,7.0376,-1.9280,7.6536,-1.4634,7.3697,-1.4295,4.6691,0.9032,4.1110,3.1979,18.3636,83.3636,1014.2091,23.6000,0.9091,100.0000,9.3182,1492.1818,,,,279,2026,-0.9962,0.0870,43.5322,-5.6611,autumn,0.9564,0.1510,ES,high,0.7500,Gijón
Gijón,2026-10-07,4.5564,3.3308,2.6765,5.1229,8.0200,5.9823,4.6920,8.9582,8.9491,7.3082,5.1127,9.3240,8.1382,5.5786,5.7510,5.0846,11.8291,8.7155,7.4631,4.6612,18.1909,61.5455,1023.3727,0.3000,0.0909,98.7273,5.0818,1553.6364,-4.7515,6.9667,-0.0667,280,2026,-0.9946,0.1041,43.5322,-5.6611,autumn,1.2660,0.1077,ES,moderate,0.5000,Gijón
Gijón,2026-10-08,1.8392,-1.1211,0.3724,-0.8260,3.7642,-2.5586,0.4489,-0.7282,3.2650,2.9336,1.2047,3.2686,3.3425,3.0551,1.0811,2.4565,9.6225,9.5332,1.2112,10.0735,15.4083,66.9167,1028.3667,0.0000,0.0000,49.9167,4.0667,1589.0833,-2.5667,8.0667,-1.0000,281,2026,-0.9926,0.1212,43.5322,-5.6611,autumn,1.1883,0.1192,ES,high,0.7500,Gijón
Gijón,2026-10-09,2.0533,-1.8542,0.8546,-1.4900,2.2183,-1.9724,0.4203,-0.3417,0.7817,-0.4225,0.5626,-0.7405,2.7625,2.2322,1.5070,1.7923,6.2883,2.4863,5.7371,3.0591,12.3250,89.8333,1024.5083,0.0000,0.0000,71.8333,10.5417,1565.4167,6.5750,-3.2333,-4.4667,282,2026,-0.9904,0.1383,43.5322,-5.6611,autumn,1.0582,0.1234,ES,high,0.7500,Gijón
Gijón,2026-10-10,1.9967,-1.7824,0.7615,-1.4577,1.9992,-1.1900,0.8540,-0.0221,4.5850,1.6162,4.2049,2.1369,3.7967,-1.7637,2.8040,0.3174,3.2258,-2.4817,2.0001,-1.3453,12.5250,88.4167,1018.4250,0.0000,0.0000,80.6667,10.6000,1523.1667,-0.4000,-5.2000,0.5000,283,2026,-0.9879,0.1553,43.5322,-5.6611,autumn,0.9576,0.0773,ES,moderate,0.5000,Gijón
Gijón,2026-10-11,1.4817,-1.3249,0.5510,-1.4487,2.0408,-1.1920,1.5287,-1.6642,3.9475,-0.6067,3.8936,-0.6948,5.7717,-2.5109,5.0818,-1.5091,9.3792,3.6389,8.4810,2.0052,14.7833,93.5833,1018.1750,0.0000,0.0000,38.7500,9.2917,1528.3333,-0.6083,-2.5333,2.4000,284,2026,-0.9851,0.1722,43.5322,-5.6611,autumn,1.0294,0.0733,ES,moderate,0.5000,Gijón
Gijón,2026-10-12,1.0875,-0.7671,0.4602,-0.2005,1.4792,0.1618,1.3360,0.9244,2.2583,-0.4553,2.1954,-0.8005,1.9492,-1.6624,0.9814,-2.0770,2.4508,-1.8672,1.3463,-1.3524,14.9083,91.0000,1022.4083,0.0000,0.0000,4.1667,15.4417,1584.2500,5.9750,3.7333,0.5667,285,2026,-0.9819,0.1892,43.5322,-5.6611,autumn,1.2108,0.2694,ES,very high,0.9000,Gijón
Gijón,2026-10-13,0.9875,-0.7531,0.2572,-0.3096,1.3492,-0.6189,0.7851,0.0922,3.3142,0.8540,3.1063,1.4505,2.4108,-0.8220,1.9877,0.2709,2.4467,-1.6827,1.6241,-1.6529,16.4083,96.9167,1027.6667,0.0000,0.0000,86.3333,16.4083,1630.7500,1.2083,5.6000,0.2000,286,2026,-0.9785,0.2060,43.5322,-5.6611,autumn,1.1328,0.1103,ES,moderate,0.5000,Gijón
Granada,2026-10-06,2.0236,-1.2999,1.0416,-1.3055,6.5436,-5.6881,2.7474,-6.8036,3.3855,-2.9031,1.0687,-3.3039,11.8700,-11.3423,2.7530,-12.5280,13.7845,-12.0517,6.5393,-15.2046,19.3182,60.9091,1015.7364,0.2000,0.0000,66.4545,14.1909,1519.7273,,,,279,2026,-0.9962,0.0870,37.1773,-3.5986,autumn,1.2352,0.0388,ES,low,0.0000,Granada
Granada,2026-10-07,1.2400,0.8213,0.8957,0.8504,1.2573,0.7398,0.7898,1.1435,1.1873,0.8243,0.7784,0.8963,2.7618,2.2709,1.0347,1.8149,5.4164,-4.4654,2.9056,-4.2511,15.4455,71.6364,1018.4727,0.0000,0.0000,67.0909,12.1455,1531.7273,-3.4545,2.0000,-2.8667,280,2026,-0.9946,0.1041,37.1773,-3.5986,autumn,1.3665,0.0896,ES,moderate,0.5000,Granada
Granada,2026-10-08,1.3718,0.9375,0.9704,0.8742,0.9936,0.6095,0.6542,0.6041,1.4536,1.0538,0.9520,1.1677,2.1718,0.6949,1.4129,1.7282,3.2391,-3.0483,0.8415,-1.9708,16.0091,57.6364,1021.1273,0.0000,0.0000,36.8182,12.4818,1556.0000,0.1485,2.3333,1.1333,281,2026,-0.9926,0.1212,37.1773,-3.5986,autumn,1.3766,0.0769,ES,moderate,0.5000,Granada
Granada,2026-10-09,1.3764,0.8022,1.0267,0.7173,0.9936,-0.7935,0.4562,-1.2645,0.9082,0.0263,0.7644,0.0371,0.9509,0.3400,0.6078,0.5045,1.7936,-1.2320,0.7935,-1.1777,15.1273,71.7273,1020.6636,0.0000,0.0000,11.7273,13.0091,1550.1818,-0.5909,0.2667,-0.4333,282,2026,-0.9904,0.1383,37.1773,-3.5986,autumn,1.3630,0.0374,ES,low,0.0000,Granada
Granada,2026-10-10,1.3936,0.8999,1.0460,0.6642,1.5164,-0.5826,1.1345,-1.7965,0.8982,-0.0064,0.8592,-0.3852,1.3818,0.4129,1.2645,1.0196,0.8936,0.0660,0.6763,-0.3558,14.7182,62.3636,1018.1455,0.0000,0.0000,26.5455,13.6455,1528.8182,-0.2879,-2.3333,-0.4333,283,2026,-0.9879,0.1553,37.1773,-3.5986,autumn,1.4168,0.0455,ES,low,0.0000,Granada
Granada,2026-10-11,1.5145,0.9208,1.1804,1.0206,0.8427,0.2742,0.7380,0.2870,1.2236,0.6428,0.9774,0.9874,3.0082,2.8340,0.7012,2.4389,4.4973,3.6048,2.6761,3.8246,14.6727,61.9091,1017.9455,0.0000,0.0000,24.4545,13.9545,1529.7273,-0.7121,-0.8000,-0.3667,284,2026,-0.9851,0.1722,37.1773,-3.5986,autumn,1.3416,0.1031,ES,moderate,0.5000,Granada
Granada,2026-10-12,1.3691,0.3543,0.9812,-0.1141,2.1400,-1.0175,1.7065,-1.8296,2.0082,-0.6641,1.2909,-1.8678,1.7845,0.6436,1.4069,1.6668,4.9900,3.2034,3.7977,3.3611,15.0909,82.1818,1023.4273,0.0000,0.0000,4.0909,15.1364,1582.6364,0.6364,4.6667,1.3333,285,2026,-0.9819,0.1892,37.1773,-3.5986,autumn,1.5703,0.4803,ES,very high,0.9000,Granada
Granada,2026-10-13,1.3282,0.2124,0.8733,-0.6365,1.9700,-1.0487,1.5724,-1.6940,1.8709,-0.7693,1.2428,-1.7747,3.3182,1.3204,2.3819,3.6078,6.9455,4.1616,5.4707,5.5178,14.6818,86.8182,1027.7818,0.0000,0.0000,10.6364,14.2909,1615.5455,-1.8758,4.7667,-1.2333,286,2026,-0.9785,0.2060,37.1773,-3.5986,autumn,1.5494,0.2064,ES,very high,0.9000,Granada
Cáceres,2026-10-06,1.2258,-0.6996,0.7381,-0.4854,3.2733,-1.6710,2.3098,-0.5754,4.2075,-1.2001,3.7715,-0.4531,5.9083,-2.2140,5.3563,-1.3914,9.0308,-4.3477,7.7288,-4.2749,15.8167,93.0000,1015.3417,3.8000,0.2500,75.7500,10.4833,1501.0833,,,,279,2026,-0.9962,0.0870,39.4753,-6.3724,autumn,1.3168,0.0869,ES,low,0.0000,Cáceres
Cáceres,2026-10-07,1.4000,1.1393,0.6932,0.9293,5.4508,4.7439,2.2308,4.5362,8.1908,7.0768,3.7234,8.3475,5.7458,4.1394,3.5775,5.3621,4.0592,4.0092,0.5593,4.6548,16.2417,73.2500,1018.5417,0.0000,0.0000,10.0833,11.6667,1535.8333,0.7333,2.1667,1.5667,280,2026,-0.9946,0.1041,39.4753,-6.3724,autumn,1.5762,0.1747,ES,high,0.7500,Cáceres
Cáceres,2026-10-08,1.7050,1.6562,0.2814,1.4455,5.1017,4.5330,2.0970,4.1842,8.9192,5.3968,7.0077,6.6648,5.2842,4.6063,2.4013,5.6337,5.8375,5.7853,0.6157,4.5776,14.7167,56.0833,1023.6167,0.0000,0.0000,0.0000,9.6750,1566.9167,-2.1250,5.0000,-0.7667,281,2026,-0.9926,0.1212,39.4753,-6.3724,autumn,1.5600,0.1164,ES,moderate,0.5000,Cáceres
Cáceres,2026-10-09,0.5658,0.5409,0.1212,0.3000,2.1858,2.0863,0.5950,1.6641,2.6975,2.1866,1.2566,3.5562,2.7433,0.9189,2.1244,2.1975,4.8117,4.7168,0.8610,5.9273,14.5500,49.3333,1021.2500,0.0000,0.0000,10.6667,13.1167,1554.0833,2.5500,-0.6333,-0.9333,282,2026,-0.9904,0.1383,39.4753,-6.3724,autumn,1.5980,0.1444,ES,high,0.7500,Cáceres
Cáceres,2026-10-10,0.5242,-0.2483,0.2696,0.0527,1.2792,0.7475,0.9916,1.1988,2.3150,1.7178,1.5153,2.2369,1.8092,0.6922,0.7161,3.0714,3.6183,1.5189,3.0129,2.4277,16.9917,52.1667,1017.1917,0.0000,0.0000,57.2500,14.1750,1531.7500,1.1417,-3.8333,2.5000,283,2026,-0.9879,0.1553,39.4753,-6.3724,autumn,1.5306,0.0618,ES,low,0.0000,Cáceres
Cáceres,2026-10-11,0.7842,-0.1981,0.7364,-0.2937,2.9392,1.4397,2.3809,0.2554,4.4325,3.2107,2.3171,0.5447,4.1792,2.8116,2.9623,4.4003,7.6317,6.0243,4.6796,6.2911,18.6750,56.2500,1016.6583,0.0000,0.0000,56.7500,13.9500,1532.0000,-0.5833,-1.7000,1.9000,284,2026,-0.9851,0.1722,39.4753,-6.3724,autumn,1.5276,0.1863,ES,high,0.7500,Cáceres
Cáceres,2026-10-12,1.0100,0.8423,0.5399,0.8202,3.2933,2.6667,1.9169,3.0145,3.4783,1.2028,3.0587,1.4966,3.7033,-0.6584,3.5538,0.4441,4.7258,1.2892,4.3306,2.7944,17.0417,65.1667,1022.1750,0.0000,0.0000,0.0000,16.0667,1584.4167,1.9667,4.9667,-0.7333,285,2026,-0.9819,0.1892,39.4753,-6.3724,autumn,1.6895,0.2819,ES,very high,0.9000,Cáceres
Cáceres,2026-10-13,1.2267,1.1295,0.4246,1.1732,4.7667,3.6992,2.8610,4.4488,5.7125,1.7855,5.1595,2.9784,5.2842,0.9311,5.1474,1.4186,5.6883,0.9681,5.5945,1.0348,18.5417,62.2500,1025.8833,0.0000,0.0000,0.0000,16.7500,1622.0000,0.8833,4.1333,1.2333,286,2026,-0.9785,0.2060,39.4753,-6.3724,autumn,1.5648,0.1642,ES,high,0.7500,Cáceres
Almería,2026-10-06,1.2355,0.1149,0.9999,-0.1593,1.5564,-0.4942,1.0923,-0.6417,6.8309,-5.9115,3.1389,-5.2679,13.2564,-12.0540,4.9774,-13.6329,17.6482,-15.7745,7.7943,-17.1536,21.7182,84.6364,1015.1818,0.0000,0.0000,90.1818,15.2455,1525.3636,,,,279,2026,-0.9962,0.0870,36.8340,-2.4637,autumn,1.2376,0.0623,ES,low,0.0000,Almería
Almería,2026-10-07,1.7509,0.8115,1.5234,0.7901,1.5745,0.9840,1.1804,0.6606,2.5764,1.8068,1.6420,2.3371,2.3982,0.6283,1.7536,2.2431,9.7018,-8.6008,4.4145,-6.4700,21.3636,67.7273,1015.9455,0.0000,0.0000,64.1818,13.3364,1530.3636,-2.4636,-1.1667,-0.4333,280,2026,-0.9946,0.1041,36.8340,-2.4637,autumn,1.3288,0.0386,ES,low,0.0000,Almería
Almería,2026-10-08,2.2182,0.9890,1.9711,0.8613,2.6882,1.9769,1.7781,1.5906,3.8482,3.3769,1.6075,2.9312,4.1773,2.8071,3.0678,3.6387,6.0009,-5.3338,2.4965,-4.1970,21.1909,70.4545,1020.1000,0.0000,0.0000,29.2727,12.0455,1557.6364,-2.3545,4.5333,0.0667,281,2026,-0.9926,0.1212,36.8340,-2.4637,autumn,1.4441,0.1207,ES,moderate,0.5000,Almería
Almería,2026-10-09,1.9336,0.8903,1.6934,0.7575,2.5627,1.9500,1.4844,1.8756,2.8718,2.3682,1.5056,2.3331,1.9327,1.0586,1.3666,1.7310,4.4064,-3.8381,1.7927,-4.1675,19.8091,70.9091,1020.0364,0.0000,0.0000,31.6364,11.8545,1549.3636,-0.9455,0.7667,-1.6667,282,2026,-0.9904,0.1383,36.8340,-2.4637,autumn,1.3633,0.0502,ES,low,0.0000,Almería
Almería,2026-10-10,1.8100,0.5601,1.7102,0.6705,1.6582,0.8749,1.3025,1.4978,1.5100,1.3736,0.4045,2.5375,1.8564,1.4078,1.0697,1.2737,2.4800,-0.4000,2.2662,-1.1215,19.3909,70.9091,1017.3545,0.0000,0.0000,37.5455,12.2455,1527.4545,-0.5212,-2.1667,0.0667,283,2026,-0.9879,0.1553,36.8340,-2.4637,autumn,1.3326,0.0376,ES,low,0.0000,Almería
Almería,2026-10-11,1.6300,0.2259,1.4449,0.0416,1.6064,-0.3994,1.1445,-1.0614,1.8300,-0.8997,1.4111,-1.2844,3.4855,2.8213,1.7889,2.9445,3.7664,2.5932,2.5335,2.6180,19.2818,80.9091,1016.5727,0.0000,0.0000,46.5455,14.2636,1526.4545,1.5970,-1.4667,-0.0667,284,2026,-0.9851,0.1722,36.8340,-2.4637,autumn,1.3624,0.0986,ES,moderate,0.5000,Almería
Almería,2026-10-12,1.3082,1.2760,0.1502,0.8345,1.3636,1.1987,0.5900,1.2605,4.2573,3.5759,2.3000,2.8984,5.2600,3.5074,3.9152,3.2247,4.8791,3.9510,2.6923,4.6961,22.1545,79.3636,1022.5455,0.0000,0.0000,8.4545,14.7455,1583.6364,0.6121,5.0333,1.8333,285,2026,-0.9819,0.1892,36.8340,-2.4637,autumn,1.4908,0.3593,ES,very high,0.9000,Almería
Almería,2026-10-13,3.0645,2.7968,0.7484,2.6974,2.7427,2.4760,1.1203,2.5226,8.3755,7.4548,3.7771,8.3982,8.9855,5.3167,6.8467,7.8540,7.2455,4.3424,5.6929,5.4656,23.7091,65.5455,1026.6182,0.0000,0.0000,16.9091,13.5636,1616.9091,-1.6364,4.4000,1.4000,286,2026,-0.9785,0.2060,36.8340,-2.4637,autumn,1.5949,0.1668,ES,high,0.7500,Almería
Santander,2026-10-06,3.9009,-3.5740,1.4691,-3.5037,5.8700,-5.0994,2.8345,-4.7555,10.1827,-3.1626,9.6164,-3.3965,8.7373,-2.0505,8.2933,-1.5921,5.1945,-3.9542,3.2520,-4.9310,19.4000,82.8182,1013.1364,5.5000,0.1818,100.0000,9.9455,1486.5455,,,,279,2026,-0.9962,0.0870,43.4623,-3.8100,autumn,1.2344,0.1556,ES,high,0.7500,Santander
Santander,2026-10-07,6.0836,3.4254,4.9674,4.0713,10.5991,6.1328,8.5596,7.1260,11.8955,6.5682,9.8173,7.7040,11.2009,4.8598,9.9789,5.1259,13.9855,4.5888,12.8820,1.5906,18.6091,60.1818,1021.2364,0.7000,0.0909,94.0000,5.3091,1537.8182,-5.1242,5.3333,-0.4667,280,2026,-0.9946,0.1041,43.4623,-3.8100,autumn,1.4342,0.0757,ES,low,0.0000,Santander
Santander,2026-10-08,2.0000,-0.8456,0.9140,-0.2112,3.4600,-1.1573,1.5737,-0.0239,5.5618,5.0296,2.3452,5.7236,5.7209,3.8506,4.1385,4.4566,9.6464,9.2908,2.2790,10.4520,15.8455,75.6364,1028.0182,1.4000,0.1818,79.7273,3.7818,1585.2727,-2.9848,9.7667,-2.3333,281,2026,-0.9926,0.1212,43.4623,-3.8100,autumn,1.3608,0.0997,ES,moderate,0.5000,Santander
Santander,2026-10-09,1.8182,-1.6519,0.7538,-1.5596,1.9364,-1.8072,0.4589,-1.2132,1.1073,0.5201,0.8066,0.7990,3.8545,2.7433,2.4981,3.3217,6.1491,3.3213,5.1232,3.4206,13.1636,82.5455,1024.3545,0.0000,0.0000,87.2727,9.2727,1561.8182,5.2061,-2.7000,-3.2000,282,2026,-0.9904,0.1383,43.4623,-3.8100,autumn,1.3772,0.1442,ES,high,0.7500,Santander
Santander,2026-10-10,1.6264,-1.3763,0.8332,-1.4522,1.1691,-0.5102,0.5904,-1.4662,3.7864,1.3274,3.5159,1.0211,1.9982,0.0808,0.9833,1.7709,3.4864,-2.3413,2.0478,-0.2134,13.3545,91.3636,1018.8091,0.0000,0.0000,62.7273,9.8636,1525.9091,0.6303,-4.6000,0.7667,283,2026,-0.9879,0.1553,43.4623,-3.8100,autumn,1.2924,0.0669,ES,low,0.0000,Santander
Santander,2026-10-11,0.9682,-0.8656,0.3338,-0.6717,1.9655,-1.7801,0.7819,-1.6354,7.8036,-1.4282,7.6205,-2.9308,8.7682,-0.8464,8.6689,-1.8325,7.2255,2.2352,6.8577,2.0414,16.0273,91.5455,1018.3909,0.3000,0.0000,70.4545,9.2545,1525.2727,0.1879,-2.9333,1.9333,284,2026,-0.9851,0.1722,43.4623,-3.8100,autumn,1.3631,0.0927,ES,moderate,0.5000,Santander
Santander,2026-10-12,0.9000,-0.5784,0.5501,-0.2993,1.3964,-0.1439,1.1945,0.3796,3.3073,-0.4246,3.2027,0.1640,2.4973,-1.4807,1.9623,-1.2817,1.8000,0.2425,1.7487,0.0860,14.7091,94.7273,1022.6273,0.0000,0.0000,49.0000,15.4000,1587.1818,6.0667,4.1333,-0.9333,285,2026,-0.9819,0.1892,43.4623,-3.8100,autumn,1.5215,0.3672,ES,very high,0.9000,Santander
Santander,2026-10-13,0.6673,0.0126,0.5019,0.4551,2.1900,1.2213,1.7997,1.5482,3.0391,0.3085,3.0219,0.1133,3.4427,-0.7212,3.3103,-0.0773,2.6718,0.5453,2.6004,0.6358,15.9545,89.8182,1027.7909,0.0000,0.0000,64.0000,16.4909,1634.1818,1.7909,5.4333,1.5667,286,2026,-0.9785,0.2060,43.4623,-3.8100,autumn,1.5109,0.1120,ES,moderate,0.5000,Santander
Salamanca,2026-10-06,1.5464,-1.2491,0.8513,-0.9849,4.5809,-3.0210,3.3034,-2.4331,1.5727,-1.2489,0.8856,-0.9980,4.4500,-2.5034,3.6558,-2.6732,5.2482,-3.6896,3.1489,-5.0207,13.3273,94.1818,1015.1636,2.7000,0.5455,98.2727,9.9455,1495.1818,,,,279,2026,-0.9962,0.0870,40.9701,-5.6635,autumn,1.3809,0.0849,ES,low,0.0000,Salamanca
Salamanca,2026-10-07,1.1082,1.0991,0.1060,1.2825,6.1309,6.0684,0.6582,5.6138,1.8827,1.8601,0.2575,1.6081,9.8600,9.5801,1.9312,12.4933,5.6191,4.4831,3.2090,5.0028,11.7091,81.4545,1021.6182,0.1000,0.0000,40.2727,9.1455,1543.8182,-1.6879,4.5333,0.1333,280,2026,-0.9946,0.1041,40.9701,-5.6635,autumn,1.7746,0.1006,ES,moderate,0.5000,Salamanca
Salamanca,2026-10-08,2.4100,1.7794,1.6064,2.3117,8.1655,5.4640,5.9906,7.1170,5.5300,3.7937,3.9780,4.8239,11.8082,9.7692,6.6299,8.5381,6.5691,6.3517,1.5385,7.1497,8.3182,78.6364,1028.1182,0.0000,0.0000,37.8182,6.0727,1576.0000,-4.0273,7.3333,-3.3667,281,2026,-0.9926,0.1212,40.9701,-5.6635,autumn,1.4979,0.1212,ES,moderate,0.5000,Salamanca
Salamanca,2026-10-09,0.9142,0.6706,0.5598,0.7986,4.1050,3.4020,2.2433,4.0833,1.9017,1.4594,1.1475,1.9601,8.1042,7.0480,3.9292,7.1267,4.5358,4.3212,1.0969,4.8977,8.6750,80.1667,1024.3583,0.0000,0.0000,23.1667,11.1833,1559.0833,4.4167,-2.7333,0.5667,282,2026,-0.9904,0.1383,40.9701,-5.6635,autumn,1.7088,0.1855,ES,very high,0.9000,Salamanca
Salamanca,2026-10-10,0.5658,0.2922,0.4610,0.3418,1.8175,1.0132,1.3879,1.8320,0.6617,0.3132,0.5528,0.3655,1.3750,1.0282,0.6191,1.6682,4.4708,-1.1202,4.1626,0.1275,12.1000,80.9167,1019.1500,0.0000,0.0000,76.2500,12.3083,1530.5833,1.5750,-4.4000,3.0333,283,2026,-0.9879,0.1553,40.9701,-5.6635,autumn,1.7511,0.0801,ES,low,0.0000,Salamanca
Salamanca,2026-10-11,0.8708,-0.6814,0.3696,-0.4545,2.5258,-0.1772,2.4318,0.4733,0.8700,-0.6671,0.3867,-0.3904,1.3567,0.2537,1.0612,1.4674,7.8700,5.2434,5.7862,4.0073,13.3083,81.6667,1018.6500,0.0000,0.0000,73.0000,12.6833,1531.0833,-0.1167,-2.0000,2.0667,284,2026,-0.9851,0.1722,40.9701,-5.6635,autumn,1.7781,0.1932,ES,very high,0.9000,Salamanca
Salamanca,2026-10-12,1.0325,0.0902,0.9929,0.1176,3.3242,1.4565,2.9573,1.8959,1.5475,0.3573,1.4701,0.4895,1.3142,0.7292,1.0290,0.8080,3.0992,0.5050,2.6299,2.1009,13.5000,74.2500,1024.5333,0.0000,0.0000,9.5833,15.7917,1587.5000,2.7250,5.2667,0.4000,285,2026,-0.9819,0.1892,40.9701,-5.6635,autumn,1.9782,0.2815,ES,very high,0.9000,Salamanca
Salamanca,2026-10-13,0.9100,0.4291,0.7623,0.6580,4.1933,3.1064,2.7855,3.8909,2.5425,1.6364,1.9266,2.1456,4.1308,1.0513,3.9705,1.4522,1.7625,0.5584,1.5179,1.5413,14.5500,77.4167,1028.6833,0.0000,0.0000,0.0000,16.9167,1626.8333,1.0500,4.8667,0.7333,286,2026,-0.9785,0.2060,40.9701,-5.6635,autumn,1.8896,0.1134,ES,moderate,0.5000,Salamanca
Lisboa,2026-10-06,1.2167,-0.0286,1.1671,0.3100,3.5308,1.2335,3.2851,1.5762,8.3667,3.9943,7.3170,4.6266,6.0650,2.1506,5.6017,3.4861,7.1450,0.5556,6.8993,-1.6828,18.0167,90.8333,1016.5250,0.0000,0.0000,67.5833,11.3750,1515.6667,,,,279,2026,-0.9962,0.0870,38.7223,-9.1393,autumn,1.4733,0.1405,PT,moderate,0.5000,Lisboa
Lisboa,2026-10-07,2.2733,1.6547,1.5478,2.5188,5.3758,4.2589,3.2548,5.7077,7.7767,7.4445,1.9540,8.8670,5.3975,5.0212,1.7586,6.4021,6.3517,6.2766,0.8227,7.0995,17.3667,79.6667,1019.2000,0.0000,0.0000,2.6667,11.0417,1542.1667,-0.3250,2.6333,-0.9333,280,2026,-0.9946,0.1041,38.7223,-9.1393,autumn,1.5774,0.2088,PT,moderate,0.5000,Lisboa
Lisboa,2026-10-08,2.8383,2.6804,0.6800,1.9785,7.7958,7.4502,1.8024,6.6437,8.3658,6.2371,5.3336,8.1521,5.9117,4.9745,2.7065,5.4650,7.7167,6.9047,3.3636,6.5387,19.3583,48.3333,1021.9167,0.0000,0.0000,1.4167,11.2333,1568.2500,0.2667,2.2667,3.2667,281,2026,-0.9926,0.1212,38.7223,-9.1393,autumn,1.6778,0.1618,PT,moderate,0.5000,Lisboa
Lisboa,2026-10-09,1.5533,0.8852,1.2682,1.3058,4.0992,3.1508,2.5109,3.9640,5.1108,5.0376,0.7919,5.2938,6.0242,5.8361,1.2845,5.1529,6.9367,6.7049,1.6232,6.7489,15.8917,61.4167,1021.0583,0.0000,0.0000,8.5833,13.7500,1558.0000,2.1500,0.6000,-2.3333,282,2026,-0.9904,0.1383,38.7223,-9.1393,autumn,1.4882,0.2571,PT,high,0.7500,Lisboa
Lisboa,2026-10-10,2.1733,1.4814,1.5835,1.7239,6.0250,4.0883,4.4152,4.4090,6.2592,6.1704,0.7358,5.3589,4.3350,3.4920,2.2846,3.9685,6.0458,5.3329,2.6844,6.3759,17.5167,73.0000,1018.0167,0.0000,0.0000,49.1667,14.2833,1538.1667,0.5833,-2.9667,-0.2333,283,2026,-0.9879,0.1553,38.7223,-9.1393,autumn,1.5503,0.1831,PT,moderate,0.5000,Lisboa
Lisboa,2026-10-11,2.5008,1.8953,1.6221,2.0990,6.1575,3.0998,4.1166,5.1127,8.6292,8.4214,1.8077,9.1518,4.7133,3.4622,2.5222,6.0636,7.0500,4.1480,4.7920,5.1116,17.7667,82.5833,1018.0333,0.0000,0.0000,42.5000,14.6250,1539.9583,0.3583,-0.6667,-0.2000,284,2026,-0.9851,0.1722,38.7223,-9.1393,autumn,1.5668,0.1627,PT,moderate,0.5000,Lisboa
Lisboa,2026-10-12,1.3075,0.9783,0.8348,0.9706,3.2267,2.7843,1.5294,2.3421,4.2842,-1.4979,3.9206,-0.6938,5.4717,-2.8980,4.4915,-2.0903,5.1133,-0.4877,4.9391,0.6966,17.9833,80.5000,1021.2333,0.0000,0.0000,0.0000,15.6250,1578.0000,0.5250,2.7333,1.7333,285,2026,-0.9819,0.1892,38.7223,-9.1393,autumn,1.2921,0.1555,PT,moderate,0.5000,Lisboa
Lisboa,2026-10-13,1.4167,1.0048,0.9153,1.0402,2.8725,2.0151,1.7091,3.0754,4.8767,1.3010,4.4075,2.7698,6.3783,0.6231,6.2546,2.2709,7.1783,-1.2811,7.0515,-1.6858,21.1000,62.4167,1024.2583,0.0000,0.0000,0.2500,16.6083,1615.8333,0.8083,3.2333,3.6000,286,2026,-0.9785,0.2060,38.7223,-9.1393,autumn,1.3899,0.1891,PT,moderate,0.5000,Lisboa
Porto,2026-10-06,0.7475,-0.1624,0.5350,-0.2543,1.9367,0.1662,1.6824,0.4190,4.1667,1.5960,3.7725,1.1887,6.2817,3.1112,5.3153,2.7151,8.3492,4.8796,6.7500,5.2471,17.2667,93.0833,1015.7667,4.8000,0.5833,88.2500,9.1583,1502.2500,,,,279,2026,-0.9962,0.0870,41.1579,-8.6291,autumn,1.3318,0.0948,PT,low,0.0000,Porto
Porto,2026-10-07,2.4258,2.1369,1.0636,2.5750,6.9575,6.3972,2.4370,6.9971,8.4300,7.0769,3.6380,8.9095,4.7767,3.8856,1.4320,7.3975,9.3858,9.2725,1.2759,9.5892,16.9667,74.5833,1020.7667,0.0000,0.0000,13.4167,10.5750,1550.5000,1.1750,4.2333,0.6667,280,2026,-0.9946,0.1041,41.1579,-8.6291,autumn,1.5444,0.2410,PT,high,0.7500,Porto
Porto,2026-10-08,1.7900,1.6151,0.7049,1.2436,5.3308,3.9535,3.3879,3.2028,8.9150,4.4999,7.5296,5.6358,6.5983,6.2080,1.7178,7.4259,6.7983,6.1315,2.4141,4.6710,17.7083,51.9167,1024.4750,0.0000,0.0000,0.4167,9.5667,1577.8333,-1.3667,4.1333,2.2000,281,2026,-0.9926,0.1212,41.1579,-8.6291,autumn,1.4474,0.0984,PT,moderate,0.5000,Porto
Porto,2026-10-09,1.1367,0.8347,0.7210,0.9210,2.6100,2.3648,0.9889,3.2563,2.6758,2.6506,0.3201,3.0641,3.1758,2.9978,0.9013,3.1694,6.5392,5.5454,3.0682,6.9765,15.0750,77.5833,1022.0250,0.0000,0.0000,19.6667,13.7667,1567.4167,4.6333,-0.7333,-3.3000,282,2026,-0.9904,0.1383,41.1579,-8.6291,autumn,1.4927,0.2625,PT,very high,0.9000,Porto
Porto,2026-10-10,0.5917,0.3093,0.4822,0.5267,1.8408,1.2348,1.3426,2.0023,4.2550,3.1151,2.8690,3.2356,3.7875,2.1940,2.9709,3.0244,8.2200,2.9712,7.5629,2.9535,16.4417,86.5000,1018.2417,0.0000,0.0000,84.8333,12.8167,1535.0000,-1.0833,-3.8333,0.1000,283,2026,-0.9879,0.1553,41.1579,-8.6291,autumn,1.3043,0.1446,PT,high,0.7500,Porto
Porto,2026-10-11,1.1575,0.8710,0.7226,1.0359,3.8542,3.0102,2.2979,3.2320,6.9367,5.4784,4.2447,6.2792,4.3825,3.2225,2.9676,4.2310,7.5100,4.2715,6.0096,3.5620,16.2333,84.4167,1018.7250,0.0000,0.0000,57.8333,12.0667,1535.5417,-1.4667,-0.6667,0.0667,284,2026,-0.9851,0.1722,41.1579,-8.6291,autumn,1.3777,0.1923,PT,high,0.7500,Porto
Porto,2026-10-12,1.2058,1.1198,0.3321,1.0942,3.1908,3.0559,0.7056,3.3612,2.0433,-0.9675,1.7613,-0.0609,5.4250,-4.2783,3.2821,-2.8145,4.1592,-2.7502,3.1133,-1.7205,16.4250,84.1667,1022.1500,0.0000,0.0000,6.6667,15.1917,1582.3333,3.3583,3.2667,0.9333,285,2026,-0.9819,0.1892,41.1579,-8.6291,autumn,1.5029,0.2342,PT,high,0.7500,Porto
Porto,2026-10-13,1.1775,0.9337,0.6653,1.0370,3.2075,2.3600,1.8917,3.4351,3.4892,-0.3590,3.2101,1.3980,5.1058,-2.8016,4.2616,-2.8115,6.4400,-3.2992,5.4908,-2.6668,18.7250,82.4167,1025.0083,0.0000,0.0000,0.2500,16.3417,1623.1667,0.8417,3.2333,2.7000,286,2026,-0.9785,0.2060,41.1579,-8.6291,autumn,1.4711,0.1192,PT,moderate,0.5000,Porto
Coimbra,2026-10-06,0.8450,-0.4902,0.5298,-0.4164,2.1175,-0.5196,1.8257,-0.0987,4.3750,0.8910,4.2151,1.1558,7.7950,2.4390,7.3208,2.3581,9.1325,2.9107,8.2962,1.4810,17.5833,92.5000,1016.0500,3.2000,0.2500,90.7500,9.4333,1504.3333,,,,279,2026,-0.9962,0.0870,40.2033,-8.4103,autumn,1.8838,0.0987,PT,low,0.0000,Coimbra
Coimbra,2026-10-07,0.8042,0.1153,0.7349,-0.1673,1.9600,1.6436,0.9319,1.2185,7.1875,6.5393,2.7379,6.2778,5.3817,4.9074,1.7126,8.0313,7.7742,7.6888,0.8145,8.0478,15.5750,91.8333,1020.1083,0.0000,0.0000,36.6667,11.0333,1545.5833,1.5000,3.2667,0.3000,280,2026,-0.9946,0.1041,40.2033,-8.4103,autumn,2.2267,0.1803,PT,moderate,0.5000,Coimbra
Coimbra,2026-10-08,2.1783,1.3715,1.5932,1.6102,5.3508,3.9521,3.4787,4.7629,7.0392,3.6690,5.6128,6.4674,2.3992,2.0520,0.9926,2.5144,5.7358,5.4591,1.3171,4.9408,17.6917,50.9167,1023.5333,0.0000,0.0000,2.5833,10.9750,1572.9167,0.3417,3.6333,2.4000,281,2026,-0.9926,0.1212,40.2033,-8.4103,autumn,2.2049,0.2905,PT,very high,0.9000,Coimbra
Coimbra,2026-10-09,1.1458,0.1431,1.0760,0.0201,1.9242,1.5588,1.0932,1.4939,8.2083,7.8193,2.4578,7.5949,7.1975,6.7512,2.1646,8.1965,6.5500,6.4177,1.0598,6.8138,13.9250,76.6667,1021.9000,0.0000,0.0000,18.5000,13.9917,1562.4167,3.0583,-0.1333,-3.0667,282,2026,-0.9904,0.1383,40.2033,-8.4103,autumn,2.2546,0.2784,PT,very high,0.9000,Coimbra
Coimbra,2026-10-10,0.6867,-0.4012,0.4254,-0.6679,1.3925,0.2818,1.3296,0.2320,4.7375,3.4769,3.1792,3.0872,3.6175,2.6492,2.3463,2.8553,5.5650,2.7548,4.7637,3.2098,15.5583,85.4167,1018.5417,0.0000,0.0000,73.4167,13.7917,1535.3333,-0.1750,-3.2667,-0.1667,283,2026,-0.9879,0.1553,40.2033,-8.4103,autumn,2.1052,0.1148,PT,moderate,0.5000,Coimbra
Coimbra,2026-10-11,0.9267,-0.1271,0.7421,-0.4274,1.7817,1.0331,1.3670,1.1940,8.3800,5.5954,4.7821,6.3268,4.7583,3.8552,2.7229,6.2491,6.8683,4.1793,5.2542,2.7766,15.5333,90.1667,1018.7833,0.0000,0.0000,75.6667,13.0917,1536.0000,-0.3750,-0.6667,0.2333,284,2026,-0.9851,0.1722,40.2033,-8.4103,autumn,2.1743,0.1400,PT,moderate,0.5000,Coimbra
Coimbra,2026-10-12,0.8108,0.4739,0.6418,0.3500,2.0308,1.3248,1.4937,1.1162,2.5983,-0.6507,2.4427,0.2470,5.0375,-2.2932,4.4340,-1.8916,5.3383,-0.4396,5.2769,0.3137,16.0167,90.6667,1021.8583,0.0000,0.0000,24.3333,15.4833,1582.1667,1.8500,2.8000,1.5333,285,2026,-0.9819,0.1892,40.2033,-8.4103,autumn,2.1716,0.1836,PT,high,0.7500,Coimbra
Coimbra,2026-10-13,1.0867,0.4340,0.9897,0.2452,2.5450,1.4786,2.0059,1.1752,4.4183,0.0304,4.1806,1.5612,4.7883,-1.1340,4.4318,0.3201,5.2717,-3.1480,4.2066,-2.9486,17.7750,80.9167,1024.9583,0.0000,0.0000,12.5000,16.7833,1620.9167,1.3167,3.2667,3.7000,286,2026,-0.9785,0.2060,40.2033,-8.4103,autumn,2.3018,0.2200,PT,high,0.7500,Coimbra
Faro,2026-10-06,2.7375,0.3345,2.7003,0.9204,5.6808,1.5121,5.4592,2.5049,5.2442,2.1165,4.6557,2.2309,3.7267,-0.2696,3.6314,0.7453,7.9050,-3.9469,6.5975,-4.6490,19.3500,80.5000,1016.0583,0.0000,0.0000,11.4167,11.5750,1519.2500,,,,279,2026,-0.9962,0.0870,37.0194,-7.9304,autumn,1.4679,0.2007,PT,high,0.7500,Faro
Faro,2026-10-07,1.7083,1.1136,1.1027,1.4044,4.6000,3.7739,1.9697,4.2908,3.4217,3.0555,1.4054,4.5373,2.7625,2.4101,0.9642,2.8995,2.6442,2.4439,0.7841,2.5623,19.5417,71.6667,1017.4250,0.0000,0.0000,5.6667,11.1500,1535.4167,-1.3500,1.7667,-0.0333,280,2026,-0.9946,0.1041,37.0194,-7.9304,autumn,1.4587,0.1605,PT,moderate,0.5000,Faro
Faro,2026-10-08,3.1975,2.5043,1.4602,0.5463,9.0383,7.0266,4.6341,2.6508,9.7042,6.4839,6.5488,5.8816,7.4792,5.4210,4.6001,5.8969,6.7192,4.5094,4.8659,4.1776,22.2250,48.6667,1018.8917,0.0000,0.0000,37.2500,13.0500,1556.1667,1.8167,1.3667,0.7667,281,2026,-0.9926,0.1212,37.0194,-7.9304,autumn,1.4610,0.1623,PT,moderate,0.5000,Faro
Faro,2026-10-09,1.3517,0.9766,0.8249,1.0153,4.1667,3.5767,1.6283,4.6115,2.3850,1.9436,1.1703,3.3503,1.7133,0.1911,1.3138,0.4299,5.3958,4.9469,1.6427,4.1524,18.4167,50.0833,1018.6917,0.0000,0.0000,11.0000,13.1750,1551.5000,-0.1917,0.8000,-1.1000,282,2026,-0.9904,0.1383,37.0194,-7.9304,autumn,1.4567,0.0827,PT,low,0.0000,Faro
Faro,2026-10-10,1.5417,0.5116,1.2766,0.0466,3.2842,1.4856,2.5269,0.7477,3.1183,2.3673,1.0446,6.2719,2.4417,1.4943,1.4556,3.7606,5.8683,5.7168,1.2788,5.4499,18.0167,66.0000,1016.3417,0.0000,0.0000,25.7500,13.2333,1533.1667,-0.2000,-2.1000,-0.3000,283,2026,-0.9879,0.1553,37.0194,-7.9304,autumn,1.4336,0.1750,PT,high,0.7500,Faro
Faro,2026-10-11,1.2983,0.1047,1.1061,0.0292,2.5700,1.2801,1.9077,1.6247,1.8575,1.0537,1.0348,3.2444,2.4367,1.7513,1.6204,1.8521,7.8033,7.2133,2.7861,8.1606,19.1250,83.0833,1016.4083,0.0000,0.0000,44.9167,14.7583,1536.0833,1.8917,-0.5333,0.1000,284,2026,-0.9851,0.1722,37.0194,-7.9304,autumn,1.3792,0.1423,PT,moderate,0.5000,Faro
Faro,2026-10-12,1.6925,1.2965,0.7261,0.8023,2.6642,1.1692,2.1490,0.5626,3.7508,1.3287,3.2167,2.1146,5.6833,0.8963,5.1202,3.4744,3.5858,1.4758,3.1807,0.7710,19.3417,70.4167,1020.4250,0.0000,0.0000,1.7500,15.7333,1577.2500,1.0667,3.5000,0.5667,285,2026,-0.9819,0.1892,37.0194,-7.9304,autumn,1.4166,0.3427,PT,very high,0.9000,Faro
Faro,2026-10-13,2.4650,2.0041,1.3756,1.6598,6.6733,3.0914,5.8146,1.4478,11.8200,3.1692,11.2342,3.6213,11.9942,4.6252,10.8995,6.6487,6.7692,0.6609,6.6669,0.5925,21.4833,70.4167,1024.1083,0.0000,0.0000,0.0000,16.3417,1606.9167,0.7750,3.9000,1.0333,286,2026,-0.9785,0.2060,37.0194,-7.9304,autumn,1.4335,0.1815,PT,high,0.7500,Faro
Toulouse,2026-10-06,2.8942,-0.4863,2.3028,-1.5546,6.1300,-0.9987,5.0763,-3.1706,7.5375,-2.4094,6.8426,-4.3780,3.5217,-1.2742,2.6681,-2.0271,6.1358,-5.2790,2.5149,-5.7743,19.3333,85.5833,1012.0750,3.5000,0.0833,99.9167,13.1583,1488.3333,,,,279,2026,-0.9962,0.0870,43.6047,1.4442,autumn,1.1169,0.1736,FR,high,0.7500,Toulouse
Toulouse,2026-10-07,3.6108,-1.1091,2.8763,-2.2008,7.9942,-2.4070,6.3969,-5.5129,12.3942,-1.3750,11.7802,-5.1267,14.6167,-0.8386,14.1960,-5.3866,12.3800,-3.1763,11.7150,-5.3134,16.9083,83.2500,1014.8083,3.7000,0.2500,99.1667,8.3000,1489.0833,-6.2000,-0.1000,-2.9667,280,2026,-0.9946,0.1041,43.6047,1.4442,autumn,1.0962,0.0646,FR,low,0.0000,Toulouse
Toulouse,2026-10-08,2.2050,-0.3691,2.1540,-0.2472,7.1242,-0.5445,7.0310,0.4976,10.1858,3.9540,9.3653,4.8034,11.4983,4.3631,10.5547,5.7391,18.8692,16.0245,9.6036,13.5119,11.3000,62.7500,1026.9667,0.0000,0.0000,38.6667,1.4250,1558.9167,-8.5417,14.2000,-4.7000,281,2026,-0.9926,0.1212,43.6047,1.4442,autumn,1.1900,0.0941,FR,moderate,0.5000,Toulouse
Toulouse,2026-10-09,1.2000,-0.7710,0.6523,-0.2848,4.4350,-0.6192,3.9316,0.6921,5.8892,0.3534,5.7407,-0.1175,5.6133,2.8777,4.6966,3.7088,10.3000,6.2966,7.7428,8.3919,13.1500,68.9167,1023.7833,0.0000,0.0000,85.8333,6.4417,1548.0833,4.5750,-1.4333,0.8667,282,2026,-0.9904,0.1383,43.6047,1.4442,autumn,1.0823,0.1978,FR,very high,0.9000,Toulouse
Toulouse,2026-10-10,2.1200,-0.7689,1.8630,-1.3941,6.2425,-0.8424,5.8420,-2.7474,8.1967,-0.9190,8.0565,-2.3924,9.8092,-1.9769,9.5115,-0.4288,10.1467,0.9589,10.0411,0.8507,16.2750,81.6667,1018.6750,0.0000,0.0000,84.3333,8.4500,1520.4167,2.4833,-5.6000,3.8000,283,2026,-0.9879,0.1553,43.6047,1.4442,autumn,1.0703,0.0576,FR,low,0.0000,Toulouse
Toulouse,2026-10-11,1.0092,0.2166,0.6489,1.0764,3.4167,2.3226,2.3518,3.8659,4.4183,1.4049,4.1315,1.9978,7.2358,-0.1963,7.0417,-1.9800,7.0092,2.5912,6.3943,1.9387,13.2250,72.8333,1019.0583,0.0000,0.0000,34.0000,8.1083,1514.5625,-0.5250,-1.1000,-1.7667,284,2026,-0.9851,0.1722,43.6047,1.4442,autumn,1.0472,0.1548,FR,high,0.7500,Toulouse
Toulouse,2026-10-12,0.4492,0.2150,0.2893,0.4632,1.2517,1.0289,0.6297,1.2170,1.4867,0.0773,1.1926,-0.0306,3.7558,1.3691,3.3787,0.8999,7.2675,5.7089,4.1633,5.8140,17.4750,87.9167,1024.8750,0.0000,0.0000,83.6667,11.6917,1587.3333,3.6917,5.7333,3.1667,285,2026,-0.9819,0.1892,43.6047,1.4442,autumn,1.1512,0.1911,FR,high,0.7500,Toulouse
Toulouse,2026-10-13,0.8075,-0.6734,0.2567,-0.4624,1.1992,0.8271,0.6646,1.2578,3.0358,2.6591,1.3209,3.2314,2.5942,2.3374,0.9349,2.2246,9.6433,8.8606,3.3748,9.7035,17.0083,89.0833,1029.0417,0.0000,0.0000,29.7500,13.3000,1634.0833,1.7667,4.4667,1.2333,286,2026,-0.9785,0.2060,43.6047,1.4442,autumn,1.2218,0.0923,FR,moderate,0.5000,Toulouse
Montpellier,2026-10-06,3.6058,-0.5640,3.5076,-0.5864,7.1408,-1.3744,6.8736,-1.9074,10.0958,-3.7422,9.2899,-3.3519,9.4300,-5.0384,7.7415,-3.2375,7.7358,-7.1735,2.6196,-6.9779,20.2167,89.2500,1013.6750,3.4000,0.3333,100.0000,11.2333,1498.4167,,,,279,2026,-0.9962,0.0870,43.6108,3.8767,autumn,1.4141,0.1738,FR,moderate,0.5000,Montpellier
Montpellier,2026-10-07,2.0233,-1.1845,1.4779,-0.5155,5.0050,-2.5025,4.0681,-1.3075,8.8550,-0.6570,8.5458,-0.4188,9.2700,-0.4206,8.9105,-0.7700,7.4808,-3.8218,6.1237,-3.6316,18.0667,85.7500,1010.9833,0.0000,0.0000,82.1667,10.5833,1470.2500,-0.6833,-5.2000,-2.0333,280,2026,-0.9946,0.1041,43.6108,3.8767,autumn,1.6321,0.0472,FR,low,0.0000,Montpellier
Montpellier,2026-10-08,3.7808,0.2214,3.7600,0.2427,9.4858,2.7893,9.0146,3.1940,16.3042,11.5369,11.4495,11.1474,16.0725,13.9719,7.4169,13.9549,11.0583,7.8375,7.1339,5.7874,12.5833,49.6667,1020.1917,0.0000,0.0000,0.0000,3.3750,1509.5000,-7.2917,9.6333,-4.5667,281,2026,-0.9926,0.1212,43.6108,3.8767,autumn,1.8029,0.1557,FR,moderate,0.5000,Montpellier
Montpellier,2026-10-09,1.7758,0.0305,1.7116,-0.5309,5.3400,0.0102,5.2300,-0.4997,8.7325,7.3615,4.6619,7.1609,13.5175,12.5975,4.8422,13.4593,10.6617,8.3582,6.3001,11.8936,12.7083,63.8333,1018.8500,0.0000,0.0000,51.4167,9.2583,1519.6667,6.1583,-0.6667,1.0000,282,2026,-0.9904,0.1383,43.6108,3.8767,autumn,1.7822,0.2980,FR,very high,0.9000,Montpellier
Montpellier,2026-10-10,2.2200,-0.4721,2.1039,-1.1890,6.4325,-0.4617,6.3696,-0.3629,9.1158,4.1373,8.0949,5.5029,14.7142,4.0872,13.8886,5.5146,10.0650,0.6489,10.0234,1.0746,15.2083,77.5000,1015.8750,0.0000,0.0000,10.5000,9.1167,1504.3333,1.2833,-3.2000,2.7667,283,2026,-0.9879,0.1553,43.6108,3.8767,autumn,1.8124,0.1524,FR,moderate,0.5000,Montpellier
Montpellier,2026-10-11,1.3817,0.7083,1.0357,1.3224,3.0150,1.8900,1.6540,4.1905,5.0517,3.6422,3.0618,1.8019,8.6033,6.3006,5.7883,5.4371,9.9392,4.4783,8.7229,3.8622,12.5583,77.6667,1016.0417,0.0000,0.0000,35.5000,9.6083,1496.8958,-0.7583,-1.1000,-0.7333,284,2026,-0.9851,0.1722,43.6108,3.8767,autumn,1.7232,0.1890,FR,high,0.7500,Montpellier
Montpellier,2026-10-12,1.3633,0.5773,1.1949,0.4228,1.3967,1.1663,0.6912,1.3180,1.9633,1.1477,1.5103,2.1003,5.5533,4.9950,2.2957,7.0738,7.0283,4.9795,4.9397,6.2261,14.4667,83.1667,1023.7000,0.0000,0.0000,25.0000,11.8167,1578.3333,3.4500,7.0333,0.9667,285,2026,-0.9819,0.1892,43.6108,3.8767,autumn,1.8945,0.4157,FR,very high,0.9000,Montpellier
Montpellier,2026-10-13,1.3208,0.3783,1.1438,-0.0053,1.6667,0.8865,0.7624,-0.2194,2.8133,2.3141,1.2611,3.0267,6.3017,6.0722,1.5112,6.0668,8.2525,7.9638,1.7090,6.9018,16.3833,91.8333,1028.7167,0.0000,0.0000,45.5000,11.4583,1625.2500,-0.3417,5.6667,0.7333,286,2026,-0.9785,0.2060,43.6108,3.8767,autumn,1.9255,0.1292,FR,moderate,0.5000,Montpellier
Bordeaux,2026-10-06,2.4036,-1.7479,1.2285,-1.5390,5.8482,-4.6765,2.6758,-4.0185,7.8255,-7.3079,2.0401,-6.4679,6.6764,-6.1082,2.2948,-5.0727,6.8673,-6.7993,0.6852,-6.8787,19.1000,88.8182,1011.6364,0.0000,0.0000,91.7273,11.5000,1480.8182,,,,279,2026,-0.9962,0.0870,44.8378,-0.5792,autumn,0.9023,0.0417,FR,low,0.0000,Bordeaux
Bordeaux,2026-10-07,4.0200,1.6538,3.6344,1.5907,8.5091,4.1720,7.3509,3.9655,13.5355,8.3407,10.6306,8.9449,13.0873,6.2518,11.4631,7.3191,12.5682,0.5552,12.5151,0.0506,15.7818,77.1818,1016.9818,0.0000,0.0000,66.8182,5.6545,1494.3636,-6.2121,0.6333,-2.8333,280,2026,-0.9946,0.1041,44.8378,-0.5792,autumn,0.9869,0.0692,FR,moderate,0.5000,Bordeaux
Bordeaux,2026-10-08,1.1975,-0.0911,1.1275,-0.0254,3.9592,1.7342,3.3589,2.0203,6.0708,4.3586,4.1725,5.7323,7.6817,4.3019,6.0508,6.0142,15.6775,13.5398,7.7570,12.5771,11.8583,73.5833,1027.6000,0.0000,0.0000,8.7500,2.0750,1567.6667,-7.2250,15.5000,-4.3333,281,2026,-0.9926,0.1212,44.8378,-0.5792,autumn,1.0119,0.2207,FR,very high,0.9000,Bordeaux
Bordeaux,2026-10-09,1.8208,-1.7710,0.2968,-1.5273,5.5175,-4.6235,2.8987,-3.6494,6.3617,-2.3829,5.8265,-0.6851,5.0592,0.2744,4.7295,1.9493,10.1917,2.2873,9.7887,2.6111,15.5333,77.3333,1022.6833,0.0000,0.0000,95.2500,7.3750,1549.5833,5.3417,-3.2667,2.1333,282,2026,-0.9904,0.1383,44.8378,-0.5792,autumn,0.9633,0.0589,FR,low,0.0000,Bordeaux
Bordeaux,2026-10-10,0.8783,0.2086,0.7937,0.4571,3.1492,1.7143,2.4447,2.9391,3.9333,1.3134,3.6148,1.7824,8.1342,-0.7807,7.9607,-1.7916,9.9508,-0.1502,9.9433,-0.0664,13.4417,81.4167,1019.0583,0.0000,0.0000,52.5000,6.7000,1512.0833,-1.2667,-4.6333,-0.3667,283,2026,-0.9879,0.1553,44.8378,-0.5792,autumn,0.9511,0.0808,FR,moderate,0.5000,Bordeaux
Bordeaux,2026-10-11,0.9408,0.7149,0.5324,0.8142,3.4783,1.8714,2.6222,2.3734,0.7292,0.5383,0.4083,0.2288,4.8817,0.6453,4.7789,1.4039,4.7283,1.7078,4.3913,1.5437,14.6667,72.6667,1019.0667,0.0000,0.0000,91.9167,8.9583,1515.8333,-0.1417,-1.0333,0.3000,284,2026,-0.9851,0.1722,44.8378,-0.5792,autumn,1.0143,0.1585,FR,high,0.7500,Bordeaux
Bordeaux,2026-10-12,0.5250,-0.3534,0.3143,-0.5049,1.1817,-0.8729,0.5793,-1.1245,1.6300,-0.3316,1.5526,-0.4264,2.5308,1.5557,1.8021,1.2013,5.1600,2.7496,4.3222,2.8691,18.1333,96.6667,1024.5333,0.0000,0.0000,90.8333,12.4250,1586.7500,4.1583,5.0000,3.4333,285,2026,-0.9819,0.1892,44.8378,-0.5792,autumn,1.0809,0.2475,FR,very high,0.9000,Bordeaux
Bordeaux,2026-10-13,1.0175,0.9931,0.1764,1.1462,4.2542,3.7827,1.8698,4.0231,2.4658,0.4825,2.3154,-0.0292,1.7467,1.0879,1.2985,1.1281,2.3375,1.9538,0.9741,2.9502,18.3167,89.6667,1029.2083,0.0000,0.0000,30.5833,14.3167,1638.5000,2.2167,5.1667,1.5333,286,2026,-0.9785,0.2060,44.8378,-0.5792,autumn,1.0907,0.1679,FR,high,0.7500,Bordeaux
Marseille,2026-10-06,2.9267,1.5228,2.3923,1.0466,5.9875,1.8384,5.5816,1.1113,14.5050,-3.2239,13.5017,1.3265,11.4417,-7.4621,8.1507,-2.5514,10.3217,-10.0796,1.9108,-4.8426,21.7750,68.3333,1014.2667,2.2000,0.1667,99.8333,12.2500,1507.3333,,,,279,2026,-0.9962,0.0870,43.2965,5.3698,autumn,1.6035,0.0763,FR,low,0.0000,Marseille
Marseille,2026-10-07,3.3442,0.1759,3.1059,-0.0346,5.8558,-0.1304,5.5017,-0.1338,8.4225,-4.4244,6.1716,-8.0945,11.3667,-7.1351,6.1021,-14.7971,13.3150,-10.9310,6.0870,-16.9130,20.3667,80.7500,1010.5667,20.4000,0.2500,61.5000,10.9917,1471.0000,-1.3417,-5.2333,-1.5000,280,2026,-0.9946,0.1041,43.2965,5.3698,autumn,1.4291,0.0328,FR,low,0.0000,Marseille
Marseille,2026-10-08,11.4925,5.3699,10.1143,4.8422,17.0800,8.1053,14.9754,7.3270,23.5083,12.6772,19.5771,12.6949,15.7108,10.5952,11.3036,12.7980,15.3442,8.5521,12.2274,8.7035,13.7083,59.0000,1016.4417,0.0000,0.0000,0.0000,6.0667,1477.5833,-5.5000,5.6333,-5.8000,281,2026,-0.9926,0.1212,43.2965,5.3698,autumn,1.8886,0.0810,FR,low,0.0000,Marseille
Marseille,2026-10-09,3.0717,2.6338,1.5032,2.3186,4.1025,3.7848,1.3743,4.4304,1.6142,-0.3653,1.4017,0.0850,1.4875,-1.1396,0.6490,-1.0322,9.0483,6.8424,5.9025,8.0304,12.9667,68.8333,1016.0333,0.0000,0.0000,52.8333,11.0167,1508.6667,5.3833,0.4000,-0.8667,282,2026,-0.9904,0.1383,43.2965,5.3698,autumn,2.2257,0.2559,FR,high,0.7500,Marseille
Marseille,2026-10-10,6.8558,3.2468,5.9722,3.1311,10.3050,5.2497,8.7959,5.0842,17.1492,8.8539,14.5392,12.3700,14.5008,8.6139,11.5905,11.3765,10.7775,3.7987,9.8648,5.7295,16.6167,67.1667,1014.2917,0.0000,0.0000,39.0833,11.6750,1491.8333,0.1083,-2.1667,5.4333,283,2026,-0.9879,0.1553,43.2965,5.3698,autumn,1.8854,0.1815,FR,moderate,0.5000,Marseille
Marseille,2026-10-11,4.8275,1.9299,4.3903,1.4063,7.9825,3.5895,7.0936,3.3163,11.9567,7.3112,8.8205,8.5212,11.9117,6.5806,9.8564,7.6876,9.8217,4.8504,8.1238,3.6594,13.6750,67.2500,1013.7167,0.0000,0.0000,18.2500,12.8833,1480.4167,1.7833,-1.3333,-3.0333,284,2026,-0.9851,0.1722,43.2965,5.3698,autumn,2.1558,0.2792,FR,very high,0.9000,Marseille
Marseille,2026-10-12,0.8433,0.6314,0.5053,0.8285,1.8667,0.0742,1.6146,0.6710,2.2525,-2.1996,0.3954,-0.8885,1.7717,-1.0062,1.2458,-0.4351,4.1283,2.9209,2.8467,3.3993,15.2833,80.4167,1022.2250,0.0000,0.0000,11.4167,11.8250,1572.6667,-0.9083,7.9333,0.4000,285,2026,-0.9819,0.1892,43.2965,5.3698,autumn,2.5788,0.6930,FR,very high,0.9000,Marseille
Marseille,2026-10-13,0.8242,0.7559,0.2754,0.2522,1.1125,0.1258,0.9501,-0.2744,0.9967,-0.7602,0.4026,-0.2680,1.6825,1.2366,0.5691,2.9533,6.5058,5.5588,2.8696,7.4304,15.6833,88.5000,1027.7917,0.0000,0.0000,3.9167,10.8833,1616.0833,-0.8167,5.8000,0.5000,286,2026,-0.9785,0.2060,43.2965,5.3698,autumn,2.6363,0.3301,FR,very high,0.9000,Marseille
Nice,2026-10-06,1.8258,1.6076,0.7809,1.6074,2.1692,2.0492,0.5776,1.7193,5.3392,3.1177,4.3139,2.8163,7.2658,2.8408,6.5199,4.8671,5.4408,-5.1190,1.5621,-4.9231,19.5083,67.0000,1016.7917,0.0000,0.0000,74.9167,11.1250,1524.8333,,,,279,2026,-0.9962,0.0870,43.7102,7.2620,autumn,1.7129,0.0954,FR,moderate,0.5000,Nice
Nice,2026-10-07,1.0967,0.5859,0.7614,0.1994,1.2800,0.6256,0.9971,0.4992,1.5517,-0.5582,1.1426,0.5936,4.0983,-3.7280,1.4488,-2.9196,8.4317,-7.6865,3.2721,-7.1114,18.4750,87.6667,1011.7167,0.0000,0.0000,97.8333,11.0500,1476.1667,-0.6833,-4.4667,-1.5333,280,2026,-0.9946,0.1041,43.7102,7.2620,autumn,1.3885,0.0266,FR,low,0.0000,Nice
Nice,2026-10-08,1.8850,1.2962,1.1339,1.3377,3.2342,1.9709,2.2116,1.9183,4.6625,3.5171,2.9503,3.3791,5.9217,4.8963,2.8143,1.8611,8.3233,6.0317,3.2944,1.3583,17.8167,76.5833,1009.6000,0.0000,0.0000,49.9167,8.8917,1449.5000,-2.6083,-6.1000,0.8333,281,2026,-0.9926,0.1212,43.7102,7.2620,autumn,1.7832,0.0895,FR,moderate,0.5000,Nice
Nice,2026-10-09,1.9558,1.4549,1.1595,1.4170,1.4967,0.8526,0.7855,0.5387,1.5517,-0.9205,1.0706,-1.4031,1.1550,0.4359,0.8165,0.0419,9.8033,9.4491,1.8571,13.2276,16.6667,80.4167,1015.7083,0.0000,0.0000,29.3333,9.0250,1502.1667,-1.5083,9.0000,-0.8333,282,2026,-0.9904,0.1383,43.7102,7.2620,autumn,2.1126,0.1483,FR,high,0.7500,Nice
Nice,2026-10-10,2.1667,1.8387,1.1310,1.6373,1.8017,1.4720,0.6137,1.4738,1.0200,-0.3059,0.8182,0.1539,3.9633,0.3655,3.7190,1.4701,9.5575,1.9956,9.2335,2.5934,16.9417,69.4167,1010.3417,0.0000,0.0000,8.3333,12.4833,1466.8333,3.4500,-4.4667,0.7333,283,2026,-0.9879,0.1553,43.7102,7.2620,autumn,1.8468,0.1188,FR,moderate,0.5000,Nice
Nice,2026-10-11,2.0725,1.6648,1.1774,1.5858,2.0742,1.7274,1.0781,1.6998,2.5675,1.3431,2.0356,1.8250,3.5367,2.4041,2.5070,1.8750,5.7183,2.8084,4.6792,0.8937,17.6417,77.2500,1011.1583,0.0000,0.0000,44.4167,10.2917,1470.8333,-1.6417,-1.6000,-0.8333,284,2026,-0.9851,0.1722,43.7102,7.2620,autumn,1.7778,0.0854,FR,low,0.0000,Nice
Nice,2026-10-12,2.5167,1.6001,1.9225,1.2307,2.2992,1.3915,1.7893,1.0144,1.4108,-0.4829,0.9123,0.4334,1.8008,-0.5435,1.5854,0.2187,1.9108,0.6005,0.9752,2.2915,18.8083,68.3333,1022.8500,0.0000,0.0000,1.0000,10.3750,1569.5833,-0.2250,11.5667,1.0667,285,2026,-0.9819,0.1892,43.7102,7.2620,autumn,1.9737,0.2148,FR,high,0.7500,Nice
Nice,2026-10-13,2.1383,1.3851,1.6220,1.2003,1.6442,1.0775,1.2011,1.1116,1.3767,0.0666,1.3480,0.4297,2.0400,1.5105,1.1459,1.6285,5.7375,5.6573,0.8009,4.7420,18.5333,75.1667,1028.8833,0.0000,0.0000,54.4167,10.0583,1614.2500,-0.7083,7.0000,-0.5000,286,2026,-0.9785,0.2060,43.7102,7.2620,autumn,1.8340,0.0710,FR,low,0.0000,Nice
Lyon,2026-10-06,2.3383,-1.6965,1.5103,-2.2237,5.6183,-4.4487,3.3609,-5.1920,12.2058,-11.4094,4.2931,-11.3127,13.5333,-12.6503,4.4730,-10.3015,8.0983,-6.5516,4.6386,-4.0849,19.7167,72.2500,1013.5833,0.0000,0.0000,69.5833,12.5417,1499.5833,,,,279,2026,-0.9962,0.0870,45.7640,4.8357,autumn,0.9832,0.0308,FR,low,0.0000,Lyon
Lyon,2026-10-07,2.5283,-1.3792,1.6040,-1.3658,5.4950,-3.1547,3.2655,-3.4413,7.4725,-4.2821,3.6489,-5.9243,7.5958,-3.4509,5.2573,-6.5132,9.1933,-8.2023,3.4306,-9.4272,17.2083,87.0000,1009.7000,18.5000,0.5833,100.0000,10.1833,1455.8333,-3.2167,-4.8667,-4.1000,280,2026,-0.9946,0.1041,45.7640,4.8357,autumn,1.0636,0.0328,FR,low,0.0000,Lyon
Lyon,2026-10-08,4.0800,2.5013,3.1870,2.1449,9.1125,6.0438,6.7505,5.3124,15.6625,13.6166,7.6280,13.0173,14.9392,13.8335,5.4276,13.3036,10.8358,10.6224,1.6783,9.3267,11.6167,58.5833,1022.7333,0.0000,0.0000,59.2500,2.2417,1523.0833,-9.2250,12.5000,-4.5000,281,2026,-0.9926,0.1212,45.7640,4.8357,autumn,1.7484,0.3414,FR,very high,0.9000,Lyon
Lyon,2026-10-09,0.7958,0.0833,0.6161,0.3746,2.5808,0.6146,2.2493,1.2956,5.3583,3.0797,4.0808,4.7701,7.3300,4.5579,5.0550,5.4821,7.9525,5.8646,4.7829,9.2110,12.6750,55.0833,1021.6167,0.0000,0.0000,96.5000,6.4833,1526.4167,4.2500,0.9000,-0.4333,282,2026,-0.9904,0.1383,45.7640,4.8357,autumn,1.7397,0.2656,FR,high,0.7500,Lyon
Lyon,2026-10-10,0.8125,0.1165,0.6451,0.6179,3.5983,0.9796,3.3282,1.9712,6.5642,3.1472,5.7564,3.9226,6.2092,0.3750,5.9404,-1.3964,15.7425,-0.5907,15.5526,-3.1501,13.2250,75.8333,1017.6083,0.2000,0.0833,70.0000,4.6667,1497.0833,-1.7667,-5.2667,2.6667,283,2026,-0.9879,0.1553,45.7640,4.8357,autumn,1.5522,0.1600,FR,moderate,0.5000,Lyon
Lyon,2026-10-11,1.3300,0.6340,1.1611,0.7418,5.3617,3.1797,4.2818,2.7366,8.0917,7.4995,2.5789,6.0568,7.3767,7.2634,0.8842,7.4822,11.6908,8.4221,7.9200,7.4244,10.8750,69.0833,1019.4667,0.0000,0.0000,14.3333,3.8500,1505.1667,-2.5833,0.7000,-1.9000,284,2026,-0.9851,0.1722,45.7640,4.8357,autumn,1.5732,0.2042,FR,moderate,0.5000,Lyon
Lyon,2026-10-12,0.6267,-0.0016,0.5374,0.1987,1.1058,0.8979,0.3552,1.8508,2.5358,1.8888,1.6816,2.1689,4.0342,2.6076,3.0498,2.6049,4.9033,2.8201,3.9580,2.2146,9.1833,85.2500,1026.2083,0.0000,0.0000,44.9167,10.2667,1578.0000,6.6667,6.2333,0.1333,285,2026,-0.9819,0.1892,45.7640,4.8357,autumn,1.7310,0.4318,FR,very high,0.9000,Lyon
Lyon,2026-10-13,0.9317,0.3058,0.8207,0.3550,2.9750,2.1399,1.9604,3.0908,6.6492,5.8278,3.0912,5.8550,7.0183,6.9560,0.8636,6.3355,8.7067,8.5927,1.1546,10.5799,14.1500,86.5833,1030.7417,0.0000,0.0000,65.8333,11.2333,1628.1667,0.7667,5.4667,3.3333,286,2026,-0.9785,0.2060,45.7640,4.8357,autumn,1.7372,0.1959,FR,moderate,0.5000,Lyon
