radar,metric,season,nights,years,first,last,p50,p70,p90,max,share_top10,lat,lon
esalm,mtr_night,spring,121,5,2018-03-04,2023-04-29,33.7,100.1,232.6,1574.4,0.5,36.8,-2.1
esalm,mtr_night,autumn,186,5,2018-08-18,2022-11-14,66.4,172.7,558.0,3755.6,0.6,36.8,-2.1
esbad,mtr_night,spring,133,5,2018-03-07,2023-05-18,86.5,177.0,579.4,1694.9,0.5,39.4,-6.3
esbad,mtr_night,autumn,149,5,2018-08-15,2022-11-01,177.2,630.2,1430.9,5016.7,0.5,39.4,-6.3
esbar,mtr_night,spring,95,4,2018-02-26,2023-04-28,36.9,100.2,530.3,2489.5,0.6,41.4,1.9
esbar,mtr_night,autumn,220,4,2018-08-16,2022-11-12,205.8,527.5,1444.8,14883.8,0.5,41.4,1.9
escor,mtr_night,autumn,84,4,2018-08-18,2022-09-17,28.6,73.0,204.8,725.2,0.5,43.2,-8.5
eslid,mtr_night,spring,134,5,2018-03-05,2023-05-07,86.3,263.8,830.2,2725.5,0.5,42.0,-4.6
eslid,mtr_night,autumn,238,5,2018-08-17,2022-11-10,871.6,1653.2,3338.6,18765.6,0.4,42.0,-4.6
esmad,mtr_night,spring,117,3,2018-03-22,2020-05-31,49.4,118.1,308.4,703.3,0.4,40.2,-3.7
esmad,mtr_night,autumn,161,4,2018-08-15,2021-10-22,120.1,361.0,875.5,2401.8,0.4,40.2,-3.7
esmal,mtr_night,spring,170,5,2018-02-28,2023-05-15,58.9,190.8,812.5,3768.2,0.5,36.6,-4.7
esmal,mtr_night,autumn,195,5,2018-08-29,2022-11-04,86.4,214.6,731.4,3220.2,0.5,36.6,-4.7
esmur,mtr_night,spring,79,4,2018-03-08,2023-05-10,64.2,141.3,393.7,775.3,0.4,38.3,-1.2
esmur,mtr_night,autumn,98,5,2018-08-23,2022-11-13,62.9,139.8,640.0,4167.8,0.6,38.3,-1.2
espma,mtr_night,spring,98,4,2018-02-27,2023-05-11,24.3,60.8,156.4,700.2,0.5,39.4,2.8
espma,mtr_night,autumn,146,6,2017-11-12,2022-11-04,35.2,85.9,282.6,1485.3,0.6,39.4,2.8
essan,mtr_night,spring,126,5,2018-03-05,2023-05-08,49.3,145.4,519.8,3507.4,0.6,43.5,-6.3
essan,mtr_night,autumn,132,4,2018-08-17,2022-09-27,19.5,57.8,198.5,24969.6,0.9,43.5,-6.3
essev,mtr_night,spring,143,5,2018-03-02,2023-04-18,46.3,138.8,478.4,1656.0,0.5,37.7,-6.3
essev,mtr_night,autumn,164,5,2018-08-16,2022-11-01,73.4,201.4,1094.4,4243.9,0.6,37.7,-6.3
essse,mtr_night,spring,125,5,2018-02-25,2023-05-05,117.9,374.2,995.7,5681.8,0.5,43.4,-2.8
essse,mtr_night,autumn,114,5,2017-11-08,2022-11-04,86.2,240.4,671.4,8693.4,0.6,43.4,-2.8
esval,mtr_night,spring,85,3,2018-03-08,2020-05-29,29.3,57.3,158.4,700.2,0.5,39.2,-0.3
esval,mtr_night,autumn,83,3,2018-09-25,2020-11-27,27.1,57.2,209.7,731.5,0.5,39.2,-0.3
eszar,mtr_night,spring,111,5,2018-03-27,2023-05-17,124.1,351.0,1216.0,2777.9,0.5,41.7,-0.5
eszar,mtr_night,autumn,236,5,2018-08-16,2022-11-05,618.8,1155.9,2269.2,7044.5,0.4,41.7,-0.5
frabb,mtr_night,spring,337,5,2017-03-02,2021-03-18,735.2,1802.7,5239.6,72313.4,0.6,50.1,1.8
frabb,mtr_night,autumn,455,6,2016-08-17,2021-11-20,1398.6,2562.8,6866.2,81872.4,0.6,50.1,1.8
fraja,mtr_night,spring,157,2,2020-02-15,2021-04-18,794.7,1855.9,3504.0,11851.7,0.4,42.0,8.7
fraja,mtr_night,autumn,196,5,2019-09-04,2025-11-18,666.8,1164.7,2412.6,8059.5,0.4,42.0,8.7
frale,mtr_night,spring,305,5,2017-02-23,2021-05-28,473.6,3993.4,33712.1,824628.7,0.8,42.1,9.5
frale,mtr_night,autumn,360,6,2016-09-19,2021-11-18,2331.2,10949.5,106223.8,962091.0,0.8,42.1,9.5
frave,mtr_night,spring,311,4,2017-02-16,2020-05-31,1354.3,2911.5,9987.2,107644.8,0.6,50.1,3.8
frave,mtr_night,autumn,473,6,2016-08-15,2021-11-16,1619.6,3041.8,9387.4,124754.0,0.6,50.1,3.8
frbla,mtr_night,spring,411,5,2017-02-15,2021-05-31,1729.2,4549.6,13379.0,265795.0,0.6,47.4,4.8
frbla,mtr_night,autumn,600,8,2016-08-15,2025-10-08,2072.5,4555.8,12796.8,103583.7,0.5,47.4,4.8
frbol,mtr_night,spring,271,4,2017-04-29,2020-05-31,6087.8,18441.4,62668.9,464531.8,0.6,44.3,4.8
frbol,mtr_night,autumn,318,6,2016-08-16,2023-08-24,26887.6,51647.6,142111.6,569571.7,0.5,44.3,4.8
frbor,mtr_night,spring,356,5,2017-02-15,2021-05-31,1605.8,3400.7,9639.3,142559.4,0.6,44.8,-0.7
frbor,mtr_night,autumn,495,6,2016-08-15,2021-11-16,2595.3,6643.6,21165.7,208421.2,0.5,44.8,-0.7
frbou,mtr_night,spring,363,6,2017-04-27,2023-05-14,2521.2,5480.2,13413.8,719988.0,0.6,47.1,2.4
frbou,mtr_night,autumn,526,9,2016-08-15,2024-10-03,2228.9,4448.9,12022.0,62192.4,0.5,47.1,2.4
frcae,mtr_night,spring,458,8,2017-02-15,2025-03-10,705.0,1791.8,5639.4,33315.0,0.5,48.9,-0.1
frcae,mtr_night,autumn,603,8,2016-08-15,2023-09-29,1483.9,2950.3,7635.9,82744.6,0.5,48.9,-0.1
frche,mtr_night,spring,321,6,2017-04-12,2025-05-18,1704.6,3461.0,7383.8,125151.4,0.5,46.7,0.1
frche,mtr_night,autumn,443,6,2016-08-15,2024-09-14,1953.1,3707.6,9536.2,95504.4,0.5,46.7,0.1
frcol,mtr_night,spring,352,6,2017-02-15,2024-03-29,152.4,6433.9,33941.8,1046657.3,0.8,43.2,6.4
frcol,mtr_night,autumn,503,7,2016-08-15,2022-10-24,3421.7,22417.2,96204.8,1590394.3,0.6,43.2,6.4
frgre,mtr_night,spring,314,4,2017-03-08,2020-05-31,2295.7,5174.7,11461.9,275686.6,0.6,45.1,1.4
frgre,mtr_night,autumn,402,5,2016-08-15,2020-11-30,2234.2,4666.1,14676.2,168328.1,0.5,45.1,1.4
frlep,mtr_night,spring,433,8,2017-02-15,2025-04-03,1108.5,2818.8,7704.3,145052.0,0.6,45.3,3.7
frlep,mtr_night,autumn,644,9,2016-08-15,2024-10-02,2277.3,4719.6,11289.4,178002.6,0.5,45.3,3.7
frmcl,mtr_night,spring,315,5,2017-03-26,2021-05-08,1728.7,3917.3,12390.9,117014.4,0.5,44.0,2.6
frmcl,mtr_night,autumn,400,7,2016-08-17,2022-10-24,2931.3,5663.5,12357.0,146100.3,0.5,44.0,2.6
frmom,mtr_night,spring,373,8,2017-02-15,2026-05-30,2599.5,5360.4,13425.9,218920.7,0.6,43.6,-0.6
frmom,mtr_night,autumn,493,7,2016-08-15,2025-10-09,5229.0,9006.2,22427.1,150291.3,0.4,43.6,-0.6
frmtc,mtr_night,spring,281,4,2017-02-22,2020-05-17,834.4,1913.4,4885.3,202346.6,0.7,47.4,7.0
frmtc,mtr_night,autumn,341,5,2016-08-17,2020-11-24,1620.2,3353.5,12129.9,83833.6,0.6,47.4,7.0
frnan,mtr_night,spring,400,5,2017-02-15,2021-05-31,1951.6,5192.2,13911.7,227276.6,0.6,48.7,6.6
frnan,mtr_night,autumn,579,8,2016-08-15,2025-10-03,2197.9,4473.4,12496.6,110474.1,0.5,48.7,6.6
frnim,mtr_night,spring,350,5,2017-03-03,2021-05-20,728.6,7035.8,118083.6,1611079.2,0.8,43.8,4.5
frnim,mtr_night,autumn,573,7,2016-08-16,2022-10-24,6376.8,42468.2,221086.5,1260138.2,0.6,43.8,4.5
frniz,mtr_night,spring,395,6,2017-02-15,2025-04-30,638.7,1449.9,4329.6,149910.2,0.7,46.1,4.4
frniz,mtr_night,autumn,486,8,2016-08-15,2024-09-23,1256.9,2801.4,8074.5,86706.7,0.6,46.1,4.4
fropo,mtr_night,spring,139,4,2017-03-01,2020-05-29,243.9,7483.7,139452.6,549497.3,0.7,42.9,2.9
fropo,mtr_night,autumn,226,5,2016-08-17,2020-11-11,1880.5,41491.1,123556.0,362965.3,0.5,42.9,2.9
frpla,mtr_night,spring,379,6,2017-02-15,2023-05-03,165.5,477.5,1664.8,8530.7,0.5,48.5,-4.4
frpla,mtr_night,autumn,533,7,2016-08-15,2022-10-18,478.7,950.2,2481.1,16866.2,0.5,48.5,-4.4
frtou,mtr_night,spring,355,4,2017-02-15,2020-05-31,1523.2,3048.4,7796.3,61765.8,0.5,43.6,1.4
frtou,mtr_night,autumn,454,6,2016-08-15,2022-09-16,3199.5,5820.5,15471.6,174018.0,0.5,43.6,1.4
frtra,mtr_night,spring,408,5,2017-02-15,2021-05-28,890.5,2431.8,8033.6,51337.4,0.6,48.8,2.0
frtra,mtr_night,autumn,592,7,2016-08-15,2022-10-19,1695.9,4141.1,11552.1,177884.3,0.6,48.8,2.0
frtre,mtr_night,spring,391,6,2017-02-15,2023-05-31,474.0,1554.6,3829.9,24673.4,0.5,47.3,-1.7
frtre,mtr_night,autumn,468,7,2016-10-04,2022-10-10,1495.9,3032.4,10869.6,103579.3,0.5,47.3,-1.7
frtro,mtr_night,spring,360,5,2017-02-17,2021-04-07,1296.7,3183.8,10236.2,225769.8,0.7,48.5,4.3
frtro,mtr_night,autumn,458,7,2016-08-15,2022-09-30,1854.3,4253.4,19289.7,146060.3,0.6,48.5,4.3
ptfar,mtr_night,spring,436,6,2019-02-27,2026-05-30,754.4,1273.1,2807.0,8615.0,0.4,37.3,-8.0
ptfar,mtr_night,autumn,431,7,2019-08-28,2026-08-30,942.1,2706.8,5801.1,19840.1,0.4,37.3,-8.0
ptflr,mtr_night,spring,72,1,2026-02-15,2026-05-30,817.8,1589.3,2909.8,5316.0,0.3,39.5,-31.2
ptlis,mtr_night,spring,195,4,2019-05-14,2026-05-31,1001.9,1800.6,3222.1,9309.7,0.3,39.1,-8.4
ptlis,mtr_night,autumn,269,6,2019-08-22,2026-08-30,1334.1,3736.6,8143.9,29629.7,0.4,39.1,-8.4
ptprt,mtr_night,spring,326,6,2019-05-04,2026-05-31,433.7,983.0,2359.0,15884.0,0.5,40.8,-8.3
ptprt,mtr_night,autumn,323,7,2019-09-03,2026-08-30,839.0,1595.8,3071.3,13248.7,0.4,40.8,-8.3
ptsmg,mtr_night,spring,82,1,2026-02-15,2026-05-31,450.2,1266.7,2819.5,14394.8,0.5,37.8,-25.8
pttrc,mtr_night,spring,158,3,2024-02-15,2026-05-28,379.4,801.3,2513.6,8260.4,0.4,38.7,-27.3
pttrc,mtr_night,autumn,63,3,2024-08-22,2026-08-27,364.9,831.0,1542.3,3010.3,0.4,38.7,-27.3
esahr,vid_night,spring,98,1,2026-02-15,2026-05-31,4.6,6.6,9.4,13.5,0.2,36.6,-4.7
esalm,vid_night,spring,408,5,2018-02-15,2023-05-18,0.4,1.4,3.2,7.5,0.4,36.8,-2.1
esalm,vid_night,autumn,455,6,2017-11-06,2022-11-30,0.8,2.0,3.6,8.0,0.3,36.8,-2.1
esbad,vid_night,spring,420,5,2018-02-16,2023-05-18,0.3,1.1,2.7,8.1,0.4,39.4,-6.3
esbad,vid_night,autumn,471,6,2017-11-06,2022-11-30,0.3,1.2,3.1,17.0,0.5,39.4,-6.3
esbar,vid_night,spring,408,5,2018-02-15,2023-05-18,0.3,2.0,4.1,10.0,0.4,41.4,1.9
esbar,vid_night,autumn,457,6,2017-11-06,2022-11-30,1.2,2.7,6.4,50.4,0.5,41.4,1.9
escor,vid_night,spring,337,4,2018-02-15,2021-05-30,0.0,0.7,1.5,5.4,0.5,43.2,-8.5
escor,vid_night,autumn,395,6,2017-11-06,2022-11-01,0.1,0.9,1.6,4.1,0.4,43.2,-8.5
esgld,vid_night,spring,103,1,2026-02-15,2026-05-31,7.6,9.5,12.1,15.2,0.2,41.4,1.9
eslid,vid_night,spring,414,5,2018-02-15,2023-05-18,1.0,2.2,4.6,15.7,0.4,42.0,-4.6
eslid,vid_night,autumn,460,6,2017-11-06,2022-11-30,2.0,4.0,9.5,45.6,0.4,42.0,-4.6
esmad,vid_night,spring,412,5,2018-02-15,2023-05-18,0.4,1.9,4.0,7.4,0.4,40.2,-3.7
esmad,vid_night,autumn,460,6,2017-11-06,2022-11-30,0.7,2.1,4.7,12.1,0.4,40.2,-3.7
esmal,vid_night,spring,417,5,2018-02-16,2023-05-18,0.5,2.3,4.6,10.4,0.4,36.6,-4.7
esmal,vid_night,autumn,468,6,2017-11-06,2022-11-30,0.6,1.5,3.0,9.3,0.4,36.6,-4.7
esmur,vid_night,spring,264,5,2018-02-15,2023-05-18,0.0,0.3,1.4,4.7,0.6,38.3,-1.2
esmur,vid_night,autumn,408,6,2017-11-06,2022-11-30,0.2,0.8,2.0,12.4,0.5,38.3,-1.2
espma,vid_night,spring,415,5,2018-02-15,2023-05-18,0.1,0.4,1.3,17.4,0.6,39.4,2.8
espma,vid_night,autumn,434,6,2017-10-28,2022-11-30,0.4,0.8,1.8,5.2,0.4,39.4,2.8
essan,vid_night,spring,413,5,2018-02-15,2023-05-18,0.5,1.6,2.8,6.9,0.4,43.5,-6.3
essan,vid_night,autumn,444,6,2017-11-06,2022-11-30,0.4,1.6,2.4,20.8,0.4,43.5,-6.3
essev,vid_night,spring,391,5,2018-02-15,2023-05-18,0.4,1.7,3.9,9.8,0.4,37.7,-6.3
essev,vid_night,autumn,455,6,2017-11-06,2022-11-30,0.5,1.4,3.8,13.0,0.4,37.7,-6.3
essft,vid_night,spring,106,1,2026-02-15,2026-05-31,1.5,2.4,4.5,7.3,0.3,39.4,-6.3
essse,vid_night,spring,376,5,2018-02-15,2023-05-18,0.9,1.9,5.1,13.4,0.4,43.4,-2.8
essse,vid_night,autumn,427,6,2017-11-06,2022-11-30,0.7,1.6,3.6,27.7,0.4,43.4,-2.8
estjv,vid_night,spring,106,1,2026-02-15,2026-05-31,6.3,8.7,12.5,19.3,0.2,40.2,-3.7
esval,vid_night,spring,376,5,2018-02-15,2023-04-26,0.2,2.1,4.3,9.9,0.4,39.2,-0.3
esval,vid_night,autumn,447,6,2017-11-06,2022-11-30,0.5,2.3,4.0,8.2,0.4,39.2,-0.3
eszar,vid_night,spring,419,5,2018-02-15,2023-05-18,0.4,1.6,4.9,24.8,0.5,41.7,-0.5
eszar,vid_night,autumn,460,6,2017-11-06,2022-11-30,1.4,3.3,7.3,19.8,0.4,41.7,-0.5
frabb,vid_night,spring,994,10,2016-02-15,2026-05-31,1.0,2.3,8.2,70.1,0.5,50.1,1.8
frabb,vid_night,autumn,1035,11,2016-08-15,2026-08-30,1.4,3.3,11.1,110.1,0.5,50.1,1.8
fraja,vid_night,spring,622,6,2020-02-15,2026-05-31,0.4,0.9,5.5,33.1,0.7,42.0,8.7
fraja,vid_night,autumn,713,8,2019-09-04,2026-08-30,0.5,1.1,4.8,31.5,0.6,42.0,8.7
frale,vid_night,spring,1010,10,2016-02-15,2026-05-31,4.5,8.4,47.5,1632.0,0.7,42.1,9.5
frale,vid_night,autumn,898,10,2016-08-15,2026-08-30,5.1,15.4,74.5,1984.4,0.8,42.1,9.5
frave,vid_night,spring,980,10,2016-02-15,2026-05-31,1.3,3.0,11.9,138.1,0.6,50.1,3.8
frave,vid_night,autumn,1039,11,2016-08-15,2026-08-30,1.3,4.1,13.5,160.0,0.6,50.1,3.8
frbla,vid_night,spring,981,10,2016-02-15,2026-05-30,2.1,4.8,19.9,358.0,0.6,47.4,4.8
frbla,vid_night,autumn,1027,11,2016-08-15,2026-08-30,2.3,5.9,23.4,223.0,0.5,47.4,4.8
frbol,vid_night,spring,868,9,2016-02-15,2026-05-31,6.5,18.6,75.7,979.3,0.7,44.3,4.8
frbol,vid_night,autumn,881,11,2016-08-15,2026-08-30,15.1,37.2,152.6,1407.0,0.6,44.3,4.8
frbor,vid_night,spring,1010,10,2016-02-15,2026-05-31,1.4,4.0,15.6,212.5,0.6,44.8,-0.7
frbor,vid_night,autumn,1046,11,2016-08-15,2026-08-30,1.6,5.4,29.6,416.4,0.6,44.8,-0.7
frbou,vid_night,spring,965,10,2016-02-15,2026-05-29,3.3,6.7,21.7,1207.1,0.6,47.1,2.4
frbou,vid_night,autumn,941,11,2016-08-15,2026-08-30,3.6,7.6,24.8,137.1,0.5,47.1,2.4
frcae,vid_night,spring,974,10,2016-02-15,2026-05-31,1.8,3.9,10.9,66.0,0.5,48.9,-0.1
frcae,vid_night,autumn,1040,11,2016-08-15,2026-08-30,2.1,4.8,16.2,121.5,0.5,48.9,-0.1
frche,vid_night,spring,872,9,2016-02-17,2025-05-31,1.4,4.9,14.8,222.9,0.5,46.7,0.1
frche,vid_night,autumn,1006,10,2016-08-15,2025-11-30,1.4,5.3,14.7,123.0,0.5,46.7,0.1
frcol,vid_night,spring,998,10,2016-02-15,2026-05-31,2.4,6.1,53.3,1213.2,0.8,43.2,6.4
frcol,vid_night,autumn,1005,11,2016-08-15,2026-08-30,4.8,17.9,178.5,2919.1,0.8,43.2,6.4
frgre,vid_night,spring,1002,10,2016-02-15,2026-05-31,1.7,5.1,17.9,392.8,0.5,45.1,1.4
frgre,vid_night,autumn,1020,11,2016-08-15,2026-08-30,1.4,5.6,25.1,387.1,0.6,45.1,1.4
frlep,vid_night,spring,930,10,2016-02-15,2026-03-31,2.0,4.2,13.3,203.1,0.5,45.3,3.7
frlep,vid_night,autumn,1021,11,2016-08-15,2026-08-30,3.8,8.1,22.7,355.4,0.5,45.3,3.7
frmcl,vid_night,spring,974,10,2016-02-15,2026-05-14,1.7,4.5,15.5,226.8,0.6,44.0,2.6
frmcl,vid_night,autumn,1009,11,2016-08-15,2026-08-30,2.4,6.5,24.4,357.0,0.5,44.0,2.6
frmom,vid_night,spring,932,10,2016-02-15,2026-05-31,2.5,7.3,22.7,271.4,0.5,43.6,-0.6
frmom,vid_night,autumn,933,10,2016-08-15,2026-08-30,3.7,13.7,40.2,297.8,0.5,43.6,-0.6
frmtc,vid_night,spring,966,10,2016-02-15,2026-05-31,1.1,3.1,9.4,313.1,0.5,47.4,7.0
frmtc,vid_night,autumn,977,11,2016-08-15,2026-08-30,1.4,4.3,19.7,122.4,0.6,47.4,7.0
frnan,vid_night,spring,969,10,2016-02-15,2026-05-31,2.9,6.0,19.2,379.8,0.5,48.7,6.6
frnan,vid_night,autumn,1013,11,2016-08-15,2026-08-30,3.2,7.8,24.0,149.0,0.5,48.7,6.6
frnim,vid_night,spring,996,10,2016-02-15,2026-05-31,4.6,10.5,53.1,3232.0,0.9,43.8,4.5
frnim,vid_night,autumn,1028,11,2016-08-16,2026-08-30,7.6,27.3,301.9,3099.9,0.7,43.8,4.5
frniz,vid_night,spring,1007,10,2016-02-16,2026-05-31,1.0,2.5,8.0,228.8,0.6,46.1,4.4
frniz,vid_night,autumn,1040,11,2016-08-15,2026-08-30,1.1,2.9,15.2,213.2,0.6,46.1,4.4
fropo,vid_night,spring,845,10,2016-02-15,2026-05-31,2.8,7.1,22.3,1183.6,0.8,42.9,2.9
fropo,vid_night,autumn,924,11,2016-08-15,2026-08-30,3.2,10.5,123.0,1137.4,0.8,42.9,2.9
frpla,vid_night,spring,1004,10,2016-02-15,2026-05-31,0.9,1.5,4.0,36.5,0.5,48.5,-4.4
frpla,vid_night,autumn,1047,11,2016-08-15,2026-08-30,1.1,1.9,4.9,32.0,0.5,48.5,-4.4
frtou,vid_night,spring,1006,10,2016-02-15,2026-05-31,1.2,4.1,14.4,118.2,0.5,43.6,1.4
frtou,vid_night,autumn,1026,11,2016-08-15,2026-08-30,1.6,6.9,27.6,396.3,0.6,43.6,1.4
frtra,vid_night,spring,792,8,2016-02-15,2024-05-31,1.8,4.9,16.9,70.0,0.5,48.8,2.0
frtra,vid_night,autumn,945,10,2016-08-15,2026-08-30,1.9,5.7,21.2,238.6,0.6,48.8,2.0
frtre,vid_night,spring,821,9,2016-02-15,2026-05-31,0.8,1.9,9.5,59.6,0.6,47.3,-1.7
frtre,vid_night,autumn,876,10,2016-10-04,2026-08-30,1.2,3.7,16.2,145.0,0.7,47.3,-1.7
frtro,vid_night,spring,990,10,2016-02-15,2026-05-31,1.4,3.9,14.1,322.0,0.6,48.5,4.3
frtro,vid_night,autumn,1032,11,2016-08-15,2026-08-30,1.4,4.5,24.0,234.1,0.7,48.5,4.3
ptfar,vid_night,spring,503,6,2019-02-27,2026-05-30,3.0,5.1,9.2,21.7,0.3,37.3,-8.0
ptfar,vid_night,autumn,463,7,2019-08-28,2026-08-30,2.4,8.5,19.1,35.8,0.4,37.3,-8.0
ptflr,vid_night,spring,105,1,2026-02-15,2026-05-31,2.6,7.6,18.3,41.7,0.4,39.5,-31.2
ptlis,vid_night,spring,223,4,2019-05-14,2026-05-31,4.1,6.9,12.9,29.7,0.3,39.1,-8.4
ptlis,vid_night,autumn,280,6,2019-08-22,2026-08-30,4.0,9.5,27.7,60.4,0.4,39.1,-8.4
ptprt,vid_night,spring,432,6,2019-05-04,2026-05-31,1.9,3.3,8.4,48.1,0.4,40.8,-8.3
ptprt,vid_night,autumn,388,7,2019-09-03,2026-08-30,3.2,5.7,10.9,39.0,0.3,40.8,-8.3
ptsmg,vid_night,spring,105,1,2026-02-15,2026-05-31,2.3,5.8,13.5,33.7,0.4,37.8,-25.8
pttrc,vid_night,spring,307,3,2024-02-15,2026-05-31,0.8,1.8,5.6,24.0,0.5,38.7,-27.3
pttrc,vid_night,autumn,205,3,2024-08-15,2026-08-31,0.4,0.9,3.5,13.2,0.5,38.7,-27.3
